player,team,gameInfo,game_abbr,salary,minutes,total,spread_home,game_date,points_Minutes,points_P/M,points_Possessions,points_Pts,points_FG2M,points_FG2A,points_2pt FG%,points_FG3M,points_FG3A,points_3pt FG%,points_Non-Heave 3pt FG%,points_FT Pts,points_AST2 Pts,points_UAST2 2s Pts,points_AST3 Pts,points_UAST3 Pts,points_2pt AST%,points_Non Putback 2pt AST%,points_3pt AST%,points_3PAr,points_Shot Quality,points_eFG%,points_TS%,points_PUT,points_FG2AB,points_% of FG2AB,points_FG3AB,points_% of FG3AB,points_Usage,assists_Minutes,assists_Assists,assists_Assist Pts,assists_2pt,assists_3pt,assists_At Rim,assists_SMR,assists_LMR,assists_C3,assists_AB3,rebounds_Minutes,rebounds_Reb,rebounds_DReb,rebounds_FT DReb,rebounds_FT DReb%,rebounds_2Pt DReb,rebounds_2Pt DReb%,rebounds_3Pt DReb,rebounds_3Pt DReb%,rebounds_FG DReb%,rebounds_OReb,rebounds_FT OReb,rebounds_FT OReb%,rebounds_2Pt OReb,rebounds_2Pt OReb%,rebounds_3Pt OReb,rebounds_3Pt OReb%,rebounds_FG OReb%,rebounds_Rim DReb%,rebounds_SMR DReb%,rebounds_LMR DReb%,rebounds_AB3 DReb%,rebounds_C3 DReb%,rebounds_Rim OReb%,rebounds_SMR OReb%,rebounds_LMR OReb%,rebounds_AB3 OReb%,rebounds_C3 OReb%,rebounds_Z-Bounds,rebounds_Z-Bound Pct,turnovers_Minutes,turnovers_TOs,turnovers_Live Ball TOs,turnovers_Dead Ball TOs,turnovers_Live Ball TO%,turnovers_Lost Ball,turnovers_Lost Ball Out of Bounds,turnovers_Bad Pass,turnovers_Bad Pass Out of Bounds,turnovers_Travels,turnovers_3 Second Violation,turnovers_Step Out of Bounds,turnovers_Offensive Goaltending,stocks_Minutes,stocks_Blocks,stocks_2pt Blocks,stocks_3pt Blocks,stocks_Rim Blocks,stocks_SMR Blocks,stocks_LMR Blocks,stocks_C3 Blocks,stocks_AB3 Blocks,stocks_BLK REC,stocks_BLK REC%,stocks_Steals,stocks_Lost Ball Steals,stocks_Bad Pass Steals,stocks_Goaltending Violations
Kevin Love,Utah Jazz,DAL @ UTAH,DAL @ UTA,4100.0,26.0,241.5,4.5,2026-01-09,203.0,-7.33,427.0,25.06,2.81,4.92,57.14,5.39,12.65,42.59,42.59,3.28,2.34,3.28,16.16,0.0,41.67,83.33,100.0,72.0,0.54,62.0,65.24,2.81,0.23,4.76,0.0,0.0,18.57,203.0,5.15,11.24,4.22,0.94,2.34,1.64,0.23,0.23,0.7,203.0,8.61,12.27,0.46,20.0,6.02,26.8,5.79,27.78,27.27,4.92,0.0,0.0,3.04,16.67,1.87,6.96,10.88,21.74,29.82,23.53,26.56,30.77,28.57,12.77,10.0,6.98,6.9,3.0,7.69,203.0,2.11,1.87,0.23,88.89,0.0,0.0,1.87,0.23,0.0,0.0,0.0,0.0,203.0,1.62,1.39,0.23,0.46,0.93,0.0,0.0,0.23,1.16,71.43,1.16,3.0,2.0,0.0
Klay Thompson,Dallas Mavericks,DAL @ UTAH,DAL @ UTA,3900.0,22.5,241.5,4.5,2026-01-09,361.0,-2.21,773.0,26.26,2.33,6.73,34.62,6.73,16.56,40.63,40.63,1.42,4.14,0.52,18.63,1.55,88.89,88.89,92.31,71.11,0.52,53.33,53.51,0.0,0.39,5.77,0.13,0.78,22.6,361.0,1.94,4.27,1.55,0.39,1.03,0.52,0.0,0.26,0.13,361.0,2.54,4.46,0.13,5.88,1.71,5.94,2.62,12.27,8.64,0.65,0.0,0.0,0.26,1.07,0.39,1.61,1.34,2.86,6.78,9.68,9.84,19.51,1.47,1.33,0.0,0.83,3.08,2.0,1.89,361.0,1.68,1.03,0.65,61.54,0.39,0.26,0.65,0.13,0.13,0.0,0.13,0.0,361.0,0.39,0.26,0.13,0.13,0.13,0.0,0.13,0.0,0.26,66.67,0.26,0.0,2.0,0.0
Anthony Davis,Dallas Mavericks,DAL @ UTAH,DAL @ UTA,10900.0,35.0,241.5,4.5,2026-01-09,271.0,-2.77,562.0,34.52,12.46,24.2,51.47,1.25,3.2,38.89,38.89,5.87,15.66,9.25,3.2,0.53,62.86,80.0,85.71,11.69,0.52,52.27,55.14,5.34,1.07,4.41,0.0,0.0,30.38,271.0,4.8,11.03,3.38,1.42,1.96,0.89,0.53,0.71,0.71,271.0,9.1,13.42,1.07,75.0,6.8,24.52,5.55,25.2,24.82,4.8,0.0,0.0,4.09,14.65,0.71,4.26,10.76,23.64,27.63,16.67,27.08,18.52,20.37,11.11,12.5,1.69,8.57,4.0,5.71,271.0,3.02,2.85,0.18,94.12,1.42,0.0,1.42,0.0,0.0,0.0,0.0,0.0,271.0,2.86,2.86,0.0,1.79,1.07,0.0,0.0,0.0,1.79,62.5,1.61,4.0,5.0,0.18
Jusuf Nurkic,Utah Jazz,DAL @ UTAH,DAL @ UTA,6500.0,13.49,241.5,4.5,2026-01-09,,,,,,,,,,,,,,,,,,,,,,,,,,,,,,,,,,,,,,,,,,,,,,,,,,,,,,,,,,,,,,,,,,,,,,,,,,,,,,,,,,,,,,,,,,,,,,,,,
Kyle Anderson,Utah Jazz,DAL @ UTAH,DAL @ UTA,4400.0,8.51,241.5,4.5,2026-01-09,93.0,-18.81,197.0,15.23,5.08,10.15,50.0,0.0,0.0,0.0,0.0,5.08,4.06,6.09,0.0,0.0,40.0,50.0,0.0,0.0,0.52,50.0,57.69,2.03,0.51,5.0,0.0,0.0,15.21,93.0,6.09,14.72,3.55,2.54,3.05,0.51,0.0,1.02,1.52,93.0,3.98,5.37,0.0,0.0,1.46,7.32,3.9,15.38,11.83,2.54,0.0,0.0,1.52,6.0,1.02,4.76,5.43,6.67,10.0,0.0,16.28,11.11,14.29,3.7,0.0,6.67,0.0,0.0,0.0,93.0,3.55,1.52,2.03,42.86,0.51,0.0,1.02,0.0,0.0,0.0,1.02,0.0,93.0,1.95,1.95,0.0,0.98,0.49,0.49,0.0,0.0,1.46,75.0,3.9,5.0,3.0,0.0
Dwight Powell,Dallas Mavericks,DAL @ UTAH,DAL @ UTA,3700.0,3.9,241.5,4.5,2026-01-09,165.0,-1.71,350.0,9.14,2.57,4.29,60.0,0.0,0.0,0.0,0.0,4.0,5.14,0.0,0.0,0.0,100.0,100.0,0.0,0.0,0.61,60.0,66.67,0.0,0.29,6.67,0.0,0.0,8.01,165.0,4.29,10.29,2.57,1.71,0.57,1.14,0.86,0.0,1.71,165.0,4.68,5.92,0.0,0.0,4.79,19.54,1.13,6.25,13.91,3.43,0.0,0.0,1.71,7.14,1.71,9.38,8.11,14.71,24.32,18.75,5.88,7.69,10.0,5.13,6.67,5.0,16.67,0.0,0.0,165.0,2.0,1.43,0.57,71.43,1.14,0.0,0.29,0.29,0.0,0.0,0.0,0.0,165.0,1.13,1.13,0.0,0.56,0.56,0.0,0.0,0.0,0.56,50.0,1.97,3.0,4.0,0.0
D'Angelo Russell,Dallas Mavericks,DAL @ UTAH,DAL @ UTA,3800.0,3.39,241.5,4.5,2026-01-09,216.0,-2.58,458.0,27.07,5.9,10.48,56.25,3.71,11.79,31.48,31.48,4.15,1.75,10.04,7.21,3.93,14.81,15.38,64.71,52.94,0.5,51.47,53.95,0.44,0.66,6.25,0.0,0.0,26.88,216.0,8.95,21.62,5.24,3.71,3.28,1.97,0.0,1.09,2.62,216.0,3.18,5.73,0.44,16.67,2.2,8.7,3.08,13.59,11.01,0.66,0.0,0.0,0.44,2.35,0.22,1.01,1.63,10.81,8.96,0.0,11.84,18.52,0.0,2.63,4.55,0.0,3.23,2.0,3.7,216.0,4.8,2.84,1.97,59.09,0.66,0.22,2.18,1.31,0.0,0.0,0.0,0.0,216.0,0.22,0.22,0.0,0.0,0.22,0.0,0.0,0.0,0.0,0.0,1.98,5.0,4.0,0.0
Georges Niang,Utah Jazz,DAL @ UTAH,DAL @ UTA,3500.0,0.0,241.5,4.5,2026-01-09,,,,,,,,,,,,,,,,,,,,,,,,,,,,,,,,,,,,,,,,,,,,,,,,,,,,,,,,,,,,,,,,,,,,,,,,,,,,,,,,,,,,,,,,,,,,,,,,,
Lauri Markkanen,Utah Jazz,DAL @ UTAH,DAL @ UTA,8600.0,34.0,241.5,4.5,2026-01-09,311.0,0.85,657.0,37.44,9.74,15.98,60.95,2.89,9.74,29.69,29.69,9.28,14.61,4.87,7.76,0.91,75.0,81.36,89.47,37.87,0.52,54.73,61.17,1.52,0.76,4.76,0.15,1.56,27.49,311.0,3.2,8.68,0.91,2.28,0.3,0.61,0.0,0.76,1.52,311.0,4.33,6.21,0.91,37.5,2.58,11.81,2.73,10.59,11.15,2.44,0.0,0.0,1.52,8.0,0.91,3.9,5.73,17.02,9.72,8.0,12.5,4.76,14.29,7.04,0.0,4.1,3.13,5.0,6.41,311.0,1.52,0.76,0.76,50.0,0.3,0.3,0.46,0.15,0.0,0.0,0.0,0.15,311.0,0.3,0.3,0.0,0.15,0.15,0.0,0.0,0.0,0.3,100.0,1.06,2.0,5.0,0.0
Dennis Smith Jr.,Dallas Mavericks,DAL @ UTAH,DAL @ UTA,,1.7,241.5,4.5,2026-01-09,,,,,,,,,,,,,,,,,,,,,,,,,,,,,,,,,,,,,,,,,,,,,,,,,,,,,,,,,,,,,,,,,,,,,,,,,,,,,,,,,,,,,,,,,,,,,,,,,
Sviatoslav Mykhailiuk,Utah Jazz,DAL @ UTAH,DAL @ UTA,3900.0,20.0,241.5,4.5,2026-01-09,,,,,,,,,,,,,,,,,,,,,,,,,,,,,,,,,,,,,,,,,,,,,,,,,,,,,,,,,,,,,,,,,,,,,,,,,,,,,,,,,,,,,,,,,,,,,,,,,
P.J. Washington,Dallas Mavericks,DAL @ UTAH,DAL @ UTA,6600.0,0.0,241.5,4.5,2026-01-09,,,,,,,,,,,,,,,,,,,,,,,,,,,,,,,,,,,,,,,,,,,,,,,,,,,,,,,,,,,,,,,,,,,,,,,,,,,,,,,,,,,,,,,,,,,,,,,,,
Daniel Gafford,Dallas Mavericks,DAL @ UTAH,DAL @ UTA,5500.0,25.0,241.5,4.5,2026-01-09,227.0,6.15,466.0,15.67,6.44,10.73,60.0,0.0,0.0,0.0,0.0,2.79,8.58,4.29,0.0,0.0,66.67,86.96,0.0,0.0,0.58,60.0,62.93,3.0,1.07,10.0,0.0,0.0,14.26,227.0,2.79,6.44,1.93,0.86,0.64,0.86,0.43,0.21,0.64,227.0,7.33,10.17,0.65,23.08,4.98,18.25,4.55,18.26,18.26,4.51,0.0,0.0,3.86,16.51,0.64,3.0,10.05,18.6,18.18,17.65,16.88,21.05,25.0,13.33,5.0,2.9,3.23,3.0,20.0,227.0,3.86,2.79,1.07,72.22,0.86,0.21,1.93,0.43,0.21,0.0,0.0,0.0,227.0,3.9,3.9,0.0,2.16,1.73,0.0,0.0,0.0,3.25,83.33,2.16,5.0,5.0,0.43
Caleb Martin,Dallas Mavericks,DAL @ UTAH,DAL @ UTA,3600.0,2.33,241.5,4.5,2026-01-09,177.0,-3.24,382.0,7.33,2.62,6.02,43.48,0.26,2.09,12.5,12.5,1.31,3.14,2.09,0.79,0.0,60.0,60.0,100.0,25.81,0.6,37.1,41.18,0.0,0.79,13.04,0.0,0.0,9.86,177.0,6.02,15.97,2.09,3.93,0.26,1.05,0.79,1.31,2.62,177.0,3.51,4.12,0.0,0.0,2.32,9.18,1.8,8.33,8.79,2.88,0.0,0.0,1.31,5.56,1.57,6.67,6.11,9.76,7.14,13.33,8.77,7.41,3.45,4.76,10.53,8.47,3.23,0.0,0.0,177.0,2.36,1.83,0.52,77.78,0.79,0.0,1.05,0.0,0.26,0.0,0.0,0.0,177.0,0.77,0.77,0.0,0.77,0.0,0.0,0.0,0.0,0.77,100.0,2.58,2.0,8.0,0.0
Naji Marshall,Dallas Mavericks,DAL @ UTAH,DAL @ UTA,5400.0,34.0,241.5,4.5,2026-01-09,609.0,-6.69,1280.0,22.19,6.64,10.63,62.5,1.64,5.0,32.81,32.81,3.98,7.34,5.94,4.45,0.47,55.29,61.04,90.48,32.0,0.54,58.25,62.56,1.25,0.86,8.09,0.08,1.56,17.62,609.0,4.53,11.48,2.11,2.42,1.41,0.47,0.23,0.94,1.48,609.0,3.97,6.29,0.16,7.69,3.26,13.13,2.87,13.07,13.1,1.64,0.0,0.0,1.02,4.06,0.63,3.19,3.68,12.15,12.88,16.0,14.15,9.86,4.39,3.55,4.62,2.92,3.75,1.0,1.27,609.0,1.95,1.33,0.63,68.0,0.47,0.0,0.86,0.31,0.08,0.0,0.08,0.0,609.0,0.23,0.23,0.0,0.16,0.08,0.0,0.0,0.0,0.08,33.33,1.48,7.0,12.0,0.0
Dalano Banton,Dallas Mavericks,DAL @ UTAH,DAL @ UTA,,6.81,241.5,4.5,2026-01-09,,,,,,,,,,,,,,,,,,,,,,,,,,,,,,,,,,,,,,,,,,,,,,,,,,,,,,,,,,,,,,,,,,,,,,,,,,,,,,,,,,,,,,,,,,,,,,,,,
Brandon Williams,Dallas Mavericks,DAL @ UTAH,DAL @ UTA,5900.0,24.0,241.5,4.5,2026-01-09,348.0,-3.17,747.0,24.77,8.03,14.19,56.6,0.67,5.49,12.2,12.2,6.69,5.09,10.98,2.01,0.0,31.67,32.2,100.0,27.89,0.56,45.92,53.16,0.27,1.47,10.38,0.13,2.44,24.37,348.0,8.17,19.95,4.55,3.61,3.08,1.34,0.13,1.2,2.41,348.0,2.89,4.58,0.27,16.67,1.75,6.95,2.56,12.93,9.58,1.2,0.0,0.0,0.67,2.63,0.54,2.82,2.71,6.35,5.49,12.12,10.19,20.51,2.44,2.47,3.7,2.13,4.17,0.0,0.0,348.0,4.02,3.21,0.8,80.0,0.94,0.13,2.28,0.4,0.13,0.0,0.13,0.0,348.0,0.27,0.13,0.13,0.0,0.13,0.0,0.0,0.13,0.0,0.0,2.69,5.0,15.0,0.0
Walker Kessler,Utah Jazz,DAL @ UTAH,DAL @ UTA,3500.0,0.0,241.5,4.5,2026-01-09,96.0,20.3,197.0,23.86,7.11,9.64,73.68,2.03,2.03,100.0,100.0,3.55,8.12,6.09,6.09,0.0,57.14,100.0,100.0,17.39,0.57,86.96,83.93,6.09,1.52,15.79,0.0,0.0,16.59,96.0,3.55,8.12,2.54,1.02,1.52,1.02,0.0,0.51,0.51,96.0,8.38,9.64,0.51,20.0,4.06,19.05,5.08,16.95,17.82,7.11,0.0,0.0,4.06,26.67,3.05,12.77,18.18,15.38,26.32,10.0,15.0,21.05,28.57,29.41,16.67,14.63,0.0,2.0,100.0,96.0,5.08,2.54,2.54,50.0,0.51,0.0,2.03,0.51,0.0,0.0,0.0,0.0,96.0,2.54,2.54,0.0,1.52,1.02,0.0,0.0,0.0,1.52,60.0,1.52,1.0,2.0,0.51
Max Christie,Dallas Mavericks,DAL @ UTAH,DAL @ UTA,4700.0,34.0,241.5,4.5,2026-01-09,447.0,-1.42,934.0,19.27,2.46,4.82,51.11,4.18,9.1,45.88,45.88,1.82,2.57,2.36,11.56,0.96,52.17,52.17,92.31,65.38,0.56,62.69,64.13,0.0,0.75,15.56,0.11,1.18,14.75,447.0,2.68,6.42,1.61,1.07,1.07,0.32,0.21,0.32,0.75,447.0,3.1,6.07,0.32,15.79,2.45,8.88,3.3,15.12,11.64,0.11,0.0,0.0,0.11,0.43,0.0,0.0,0.25,11.83,8.8,2.44,16.99,9.62,0.0,0.94,0.0,0.0,0.0,0.0,0.0,447.0,1.61,0.96,0.64,60.0,0.43,0.0,0.54,0.21,0.11,0.0,0.11,0.0,447.0,0.53,0.53,0.0,0.32,0.21,0.0,0.0,0.0,0.43,80.0,0.85,1.0,7.0,0.0
Jaden Hardy,Dallas Mavericks,DAL @ UTAH,DAL @ UTA,3600.0,2.88,241.5,4.5,2026-01-09,125.0,11.41,263.0,19.77,4.56,7.98,57.14,2.66,7.98,33.33,33.33,2.66,6.08,3.04,7.98,0.0,66.67,72.73,100.0,50.0,0.57,53.57,57.78,0.76,0.76,9.52,0.0,0.0,17.43,125.0,2.28,4.56,2.28,0.0,1.14,0.76,0.38,0.0,0.0,125.0,2.09,3.04,0.0,0.0,2.28,8.33,0.76,3.64,6.3,1.14,0.0,0.0,1.14,4.76,0.0,0.0,2.68,8.33,10.26,0.0,5.0,0.0,10.71,0.0,0.0,0.0,0.0,0.0,0.0,125.0,3.04,2.28,0.76,75.0,0.38,0.0,1.9,0.0,0.38,0.0,0.0,0.0,125.0,0.76,0.76,0.0,0.38,0.38,0.0,0.0,0.0,0.0,0.0,0.76,1.0,1.0,0.0
Taylor Hendricks,Utah Jazz,DAL @ UTAH,DAL @ UTA,3800.0,7.37,241.5,4.5,2026-01-09,132.0,-9.88,258.0,18.22,3.49,5.43,64.29,3.1,5.81,53.33,53.33,1.94,6.2,0.78,9.3,0.0,88.89,100.0,100.0,51.72,0.55,72.41,75.81,0.78,0.0,0.0,0.0,0.0,13.49,132.0,1.94,5.04,0.78,1.16,0.39,0.39,0.0,0.78,0.39,132.0,4.13,5.45,0.0,0.0,3.27,16.67,2.18,8.96,12.4,2.71,0.39,9.09,1.16,5.56,1.16,5.36,5.45,17.39,13.64,22.22,9.43,7.14,7.14,0.0,20.0,7.32,0.0,0.0,0.0,132.0,3.1,1.94,1.16,62.5,0.39,0.0,1.55,0.39,0.0,0.0,0.39,0.0,132.0,0.73,0.73,0.0,0.73,0.0,0.0,0.0,0.0,0.36,50.0,1.45,0.0,4.0,0.0
Keyonte George,Utah Jazz,DAL @ UTAH,DAL @ UTA,8500.0,32.0,241.5,4.5,2026-01-09,394.0,-4.88,823.0,35.48,7.17,13.37,53.64,4.37,11.42,38.3,38.3,8.02,7.29,7.05,10.57,2.55,50.85,50.85,80.56,46.08,0.5,55.39,61.6,0.0,1.22,9.09,0.12,1.06,30.11,394.0,8.38,19.68,5.47,2.92,2.31,3.04,0.12,0.85,2.07,394.0,2.59,4.77,0.12,4.35,2.03,9.88,2.63,10.73,10.34,0.36,0.0,0.0,0.12,0.65,0.24,0.99,0.84,8.89,9.68,11.76,10.67,10.91,0.0,1.16,0.0,1.32,0.0,0.0,0.0,394.0,5.22,2.92,2.31,55.81,1.7,0.36,1.22,0.36,0.36,0.0,0.0,0.0,394.0,0.6,0.6,0.0,0.12,0.36,0.12,0.0,0.0,0.24,40.0,1.67,2.0,12.0,0.0
Brice Sensabaugh,Utah Jazz,DAL @ UTAH,DAL @ UTA,4700.0,28.0,241.5,4.5,2026-01-09,261.0,-9.73,546.0,23.63,5.68,9.52,59.62,3.11,10.26,30.36,30.36,2.93,8.79,2.56,9.34,0.0,77.42,80.0,100.0,51.85,0.54,52.31,55.13,0.37,0.92,9.62,0.18,1.79,22.13,261.0,3.3,8.42,1.47,1.83,0.92,0.37,0.18,0.55,1.28,261.0,3.35,4.65,0.36,11.11,1.61,7.26,2.68,11.03,9.23,2.01,0.18,9.09,1.1,5.36,0.73,2.8,3.92,10.26,5.0,8.0,11.61,8.33,12.82,1.69,0.0,2.8,2.78,1.0,1.85,261.0,3.3,1.83,1.47,55.56,0.73,0.0,1.1,0.18,0.0,0.0,0.55,0.0,261.0,0.54,0.54,0.0,0.18,0.36,0.0,0.0,0.0,0.36,66.67,2.15,2.0,10.0,0.0
Oscar Tshiebwe,Utah Jazz,DAL @ UTAH,DAL @ UTA,3700.0,10.08,241.5,4.5,2026-01-09,14.0,-23.1,29.0,0.0,0.0,10.34,0.0,0.0,0.0,0.0,0.0,0.0,0.0,0.0,0.0,0.0,0.0,0.0,0.0,0.0,0.45,0.0,0.0,0.0,6.9,66.67,0.0,0.0,8.57,14.0,3.45,6.9,3.45,0.0,3.45,0.0,0.0,0.0,0.0,14.0,8.47,10.0,3.33,100.0,3.33,20.0,3.33,10.0,13.33,6.9,0.0,0.0,6.9,16.67,0.0,0.0,12.5,0.0,0.0,100.0,12.5,0.0,20.0,20.0,0.0,0.0,0.0,0.0,0.0,14.0,0.0,0.0,0.0,0.0,0.0,0.0,0.0,0.0,0.0,0.0,0.0,0.0,14.0,0.0,0.0,0.0,0.0,0.0,0.0,0.0,0.0,0.0,0.0,3.33,0.0,1.0,0.0
Cody Williams,Utah Jazz,DAL @ UTAH,DAL @ UTA,3700.0,6.31,241.5,4.5,2026-01-09,162.0,-3.76,340.0,15.59,5.59,10.0,55.88,0.88,4.71,18.75,18.75,1.76,9.41,1.76,2.65,0.0,84.21,88.89,100.0,32.0,0.55,47.0,50.0,0.59,1.76,17.65,0.0,0.0,15.08,162.0,3.24,7.94,1.76,1.47,1.18,0.59,0.0,0.59,0.88,162.0,2.16,1.98,0.0,0.0,0.85,4.84,1.13,4.17,4.43,2.35,0.0,0.0,0.88,4.69,1.47,6.41,5.63,4.0,6.67,0.0,1.3,15.79,10.0,2.94,0.0,6.0,7.14,0.0,0.0,162.0,1.18,0.88,0.29,75.0,0.59,0.0,0.29,0.0,0.29,0.0,0.0,0.0,162.0,0.28,0.28,0.0,0.0,0.28,0.0,0.0,0.0,0.28,100.0,0.57,2.0,0.0,0.0
Isaiah Collier,Utah Jazz,DAL @ UTAH,DAL @ UTA,5700.0,11.01,241.5,4.5,2026-01-09,301.0,-21.05,628.0,16.88,5.1,8.28,61.54,0.8,2.39,33.33,33.33,4.3,2.87,7.32,1.43,0.96,28.13,28.13,60.0,22.39,0.5,58.96,62.35,0.0,1.43,17.31,0.0,0.0,16.95,301.0,14.97,36.62,8.28,6.69,5.1,2.55,0.64,3.18,3.5,301.0,2.65,4.58,0.15,5.26,1.53,7.41,2.9,11.52,9.67,0.64,0.16,5.26,0.32,1.53,0.16,0.63,1.03,9.52,4.35,12.5,11.85,10.0,0.0,2.67,0.0,0.0,2.13,0.0,0.0,301.0,5.41,2.87,2.55,52.94,0.48,0.8,2.39,0.8,0.0,0.0,0.0,0.0,301.0,0.92,0.61,0.31,0.31,0.31,0.0,0.0,0.31,0.76,83.33,1.07,6.0,1.0,0.0
Kyle Filipowski,Utah Jazz,DAL @ UTAH,DAL @ UTA,5500.0,20.0,241.5,4.5,2026-01-09,337.0,1.38,697.0,18.65,5.16,9.18,56.25,1.87,5.45,34.21,34.21,2.73,6.31,4.02,5.6,0.0,61.11,75.86,100.0,37.25,0.54,54.41,57.02,2.01,1.29,14.06,0.0,0.0,16.79,337.0,4.16,10.33,2.15,2.01,1.29,0.72,0.14,0.57,1.43,337.0,6.18,9.58,0.85,35.29,3.24,16.31,5.49,19.6,18.24,2.73,0.0,0.0,1.29,6.72,1.43,5.65,6.11,26.67,11.43,11.54,19.08,21.28,2.5,8.0,10.53,6.15,4.26,3.0,6.98,337.0,2.87,1.72,1.15,60.0,0.29,0.14,1.43,0.29,0.0,0.0,0.14,0.0,337.0,1.27,1.27,0.0,0.42,0.85,0.0,0.0,0.0,0.85,66.67,1.27,2.0,7.0,0.14
Elijah Harkless,Utah Jazz,DAL @ UTAH,DAL @ UTA,3500.0,3.79,241.5,4.5,2026-01-09,17.0,15.75,35.0,11.43,0.0,0.0,0.0,2.86,8.57,33.33,33.33,2.86,0.0,0.0,8.57,0.0,0.0,0.0,100.0,100.0,0.53,50.0,50.0,0.0,0.0,0.0,0.0,0.0,10.53,17.0,0.0,0.0,0.0,0.0,0.0,0.0,0.0,0.0,0.0,17.0,2.7,2.56,0.0,0.0,0.0,0.0,2.56,11.11,7.69,2.86,0.0,0.0,0.0,0.0,2.86,12.5,10.0,0.0,0.0,0.0,0.0,50.0,0.0,0.0,0.0,12.5,0.0,0.0,0.0,17.0,0.0,0.0,0.0,0.0,0.0,0.0,0.0,0.0,0.0,0.0,0.0,0.0,17.0,0.0,0.0,0.0,0.0,0.0,0.0,0.0,0.0,0.0,0.0,7.69,3.0,0.0,0.0
Cooper Flagg,Dallas Mavericks,DAL @ UTAH,DAL @ UTA,8400.0,36.0,241.5,4.5,2026-01-09,649.0,-3.64,1357.0,29.26,9.95,17.17,57.94,1.4,4.94,28.36,28.36,5.16,8.25,11.64,3.54,0.66,41.48,43.08,84.21,22.33,0.53,54.5,59.08,0.74,1.25,7.3,0.0,0.0,25.02,649.0,5.45,12.9,3.46,1.99,1.99,1.25,0.22,1.11,0.88,649.0,4.73,7.64,0.37,20.0,4.9,17.55,2.37,11.03,14.71,1.84,0.15,5.0,0.88,3.64,0.81,4.01,3.81,12.78,17.68,27.42,9.0,16.46,5.79,2.9,1.41,3.3,5.43,5.0,3.91,649.0,3.24,1.84,1.4,56.82,1.47,0.29,0.37,0.37,0.37,0.0,0.29,0.0,649.0,1.11,1.11,0.0,0.3,0.82,0.0,0.0,0.0,0.59,53.33,1.71,3.0,20.0,0.07
Walter Clayton Jr.,Utah Jazz,DAL @ UTAH,DAL @ UTA,4000.0,7.79,241.5,4.5,2026-01-09,137.0,-11.85,273.0,20.15,3.66,6.23,58.82,2.56,9.52,26.92,26.92,5.13,2.93,4.4,6.59,1.1,40.0,40.0,85.71,60.47,0.5,47.67,56.12,0.0,0.73,11.76,0.37,3.85,17.79,137.0,5.49,12.45,4.03,1.47,2.56,1.47,0.0,1.1,0.37,137.0,2.3,3.77,0.0,0.0,0.68,4.0,3.08,12.86,9.17,0.73,0.0,0.0,0.0,0.0,0.73,2.7,1.5,0.0,4.76,14.29,16.98,0.0,0.0,0.0,0.0,3.51,0.0,0.0,0.0,137.0,3.3,2.2,1.1,66.67,1.47,0.0,0.73,0.73,0.0,0.0,0.0,0.0,137.0,0.68,0.68,0.0,0.34,0.34,0.0,0.0,0.0,0.34,50.0,1.37,1.0,3.0,0.0
Ace Bailey,Utah Jazz,DAL @ UTAH,DAL @ UTA,4600.0,11.65,241.5,4.5,2026-01-09,,,,,,,,,,,,,,,,,,,,,,,,,,,,,,,,,,,,,,,,,,,,,,,,,,,,,,,,,,,,,,,,,,,,,,,,,,,,,,,,,,,,,,,,,,,,,,,,,
Moussa Cisse,Dallas Mavericks,DAL @ UTAH,DAL @ UTA,3500.0,1.99,241.5,4.5,2026-01-09,86.0,-3.61,181.0,13.26,4.97,7.18,69.23,0.0,0.0,0.0,0.0,3.31,7.73,2.21,0.0,0.0,77.78,87.5,0.0,0.0,0.64,69.23,66.67,1.1,0.55,7.69,0.0,0.0,12.38,86.0,1.1,2.21,1.1,0.0,0.0,0.55,0.55,0.0,0.0,86.0,6.85,8.7,0.0,0.0,5.98,20.75,2.72,12.82,17.39,4.97,0.0,0.0,3.87,15.91,1.1,6.45,12.0,25.0,10.34,50.0,11.11,16.67,18.18,16.0,12.5,7.69,0.0,0.0,0.0,86.0,3.87,1.66,2.21,42.86,1.66,0.55,0.0,0.0,0.0,0.0,0.0,0.0,86.0,4.89,4.89,0.0,1.09,3.8,0.0,0.0,0.0,3.26,66.67,1.63,1.0,2.0,1.63
Ryan Nembhard,Dallas Mavericks,DAL @ UTAH,DAL @ UTA,3900.0,5.09,241.5,4.5,2026-01-09,248.0,1.02,509.0,22.2,5.5,9.43,58.33,3.73,6.68,55.88,55.88,0.0,2.75,8.25,10.02,1.18,25.0,25.0,89.47,41.46,0.5,68.9,68.9,0.0,0.2,2.08,0.0,0.0,17.49,248.0,12.18,27.9,8.64,3.54,5.3,2.36,0.98,1.38,2.16,248.0,2.27,4.37,0.0,0.0,1.98,7.35,2.38,10.34,8.73,0.2,0.0,0.0,0.2,0.81,0.0,0.0,0.46,14.0,1.54,9.52,10.39,10.26,2.94,0.0,0.0,0.0,0.0,0.0,0.0,248.0,3.34,2.55,0.79,76.47,0.79,0.0,1.77,0.2,0.2,0.0,0.0,0.0,248.0,0.0,0.0,0.0,0.0,0.0,0.0,0.0,0.0,0.0,0.0,0.4,2.0,0.0,0.0
Miles Kelly,Dallas Mavericks,DAL @ UTAH,DAL @ UTA,3500.0,1.4,241.5,4.5,2026-01-09,2.0,-88.89,9.0,0.0,0.0,0.0,0.0,0.0,0.0,0.0,0.0,0.0,0.0,0.0,0.0,0.0,0.0,0.0,0.0,0.0,0.0,0.0,0.0,0.0,0.0,0.0,0.0,0.0,10.0,2.0,0.0,0.0,0.0,0.0,0.0,0.0,0.0,0.0,0.0,2.0,0.0,0.0,0.0,0.0,0.0,0.0,0.0,0.0,0.0,0.0,0.0,0.0,0.0,0.0,0.0,0.0,0.0,0.0,0.0,0.0,0.0,0.0,0.0,0.0,0.0,0.0,0.0,0.0,0.0,2.0,11.11,0.0,11.11,0.0,0.0,0.0,0.0,0.0,0.0,0.0,0.0,0.0,2.0,0.0,0.0,0.0,0.0,0.0,0.0,0.0,0.0,0.0,0.0,0.0,0.0,0.0,0.0
Mason Plumlee,Charlotte Hornets,IND @ CHA,IND @ CHA,3500.0,0.0,232.5,-4.5,2026-01-09,108.0,8.9,215.0,10.7,3.72,5.12,72.73,0.0,0.0,0.0,0.0,3.26,6.51,0.93,0.0,0.0,87.5,100.0,0.0,0.0,0.69,72.73,76.67,0.93,0.47,9.09,0.0,0.0,8.59,108.0,7.44,20.0,2.33,5.12,1.86,0.0,0.47,1.4,3.72,108.0,6.82,10.22,1.33,27.27,5.78,31.71,3.11,15.91,23.53,3.26,0.47,50.0,0.93,5.13,1.86,6.45,5.94,18.18,45.45,12.5,11.11,37.5,7.69,5.0,0.0,6.67,5.88,1.0,50.0,108.0,3.26,1.4,1.86,42.86,0.0,0.0,1.4,0.93,0.0,0.0,0.0,0.0,108.0,0.0,0.0,0.0,0.0,0.0,0.0,0.0,0.0,0.0,0.0,1.78,3.0,1.0,0.0
Spencer Dinwiddie,Charlotte Hornets,IND @ CHA,IND @ CHA,,8.93,232.5,-4.5,2026-01-09,,,,,,,,,,,,,,,,,,,,,,,,,,,,,,,,,,,,,,,,,,,,,,,,,,,,,,,,,,,,,,,,,,,,,,,,,,,,,,,,,,,,,,,,,,,,,,,,,
Delon Wright,Indiana Pacers,IND @ CHA,IND @ CHA,,6.95,232.5,-4.5,2026-01-09,,,,,,,,,,,,,,,,,,,,,,,,,,,,,,,,,,,,,,,,,,,,,,,,,,,,,,,,,,,,,,,,,,,,,,,,,,,,,,,,,,,,,,,,,,,,,,,,,
Pat Connaughton,Charlotte Hornets,IND @ CHA,IND @ CHA,3500.0,1.68,232.5,-4.5,2026-01-09,58.0,11.76,118.0,16.95,3.39,5.08,66.67,2.54,8.47,30.0,30.0,2.54,5.08,1.69,7.63,0.0,75.0,75.0,100.0,62.5,0.57,53.13,55.56,0.0,0.0,0.0,0.0,0.0,12.58,58.0,3.39,7.63,2.54,0.85,1.69,0.85,0.0,0.0,0.85,58.0,2.98,3.42,0.0,0.0,3.42,14.29,0.0,0.0,7.84,2.54,0.0,0.0,0.85,2.7,1.69,6.67,4.48,23.08,12.5,0.0,0.0,0.0,0.0,0.0,14.29,9.52,0.0,0.0,0.0,58.0,0.85,0.85,0.0,100.0,0.0,0.0,0.85,0.0,0.0,0.0,0.0,0.0,58.0,0.0,0.0,0.0,0.0,0.0,0.0,0.0,0.0,0.0,0.0,3.42,1.0,3.0,0.0
T.J. McConnell,Indiana Pacers,IND @ CHA,IND @ CHA,4800.0,19.0,232.5,-4.5,2026-01-09,145.0,-10.68,317.0,26.81,10.41,18.61,55.93,1.58,3.47,45.45,45.45,1.26,7.57,13.25,3.79,0.95,36.36,38.71,80.0,15.71,0.47,57.86,59.03,1.26,0.95,5.08,0.0,0.0,24.85,145.0,13.88,35.65,5.99,7.89,3.79,1.89,0.32,3.15,4.73,145.0,3.46,5.03,0.0,0.0,1.89,8.7,3.14,14.93,11.76,1.89,0.0,0.0,0.32,1.43,1.58,7.04,4.26,8.33,12.5,0.0,14.55,16.67,0.0,2.56,0.0,5.88,10.0,0.0,0.0,145.0,3.79,2.52,1.26,66.67,0.32,0.63,2.21,0.63,0.0,0.0,0.0,0.0,145.0,0.94,0.94,0.0,0.63,0.31,0.0,0.0,0.0,0.31,33.33,5.03,6.0,10.0,0.0
Pascal Siakam,Indiana Pacers,IND @ CHA,IND @ CHA,8400.0,34.5,232.5,-4.5,2026-01-09,234.0,-9.9,508.0,31.69,10.43,19.69,53.0,1.57,5.51,28.57,28.57,6.1,8.66,12.2,4.13,0.59,41.51,43.14,87.5,21.88,0.49,50.78,53.67,0.79,0.2,1.0,0.0,0.0,30.09,234.0,6.5,16.54,2.95,3.54,1.97,0.39,0.59,0.2,3.35,234.0,4.21,7.02,0.78,33.33,3.51,16.22,2.73,11.76,13.91,1.38,0.0,0.0,0.59,2.54,0.79,2.96,2.77,19.51,15.09,11.76,10.99,14.29,2.86,2.9,0.0,2.86,3.33,2.0,3.13,234.0,4.53,3.15,1.38,69.57,1.38,0.0,1.77,0.0,0.59,0.0,0.2,0.0,234.0,0.19,0.19,0.0,0.0,0.19,0.0,0.0,0.0,0.19,100.0,1.17,3.0,3.0,0.19
Tony Bradley,Indiana Pacers,IND @ CHA,IND @ CHA,,2.66,232.5,-4.5,2026-01-09,135.0,-15.4,276.0,22.1,8.7,14.86,58.54,0.0,0.0,0.0,0.0,4.71,10.14,7.25,0.0,0.0,58.33,77.78,0.0,0.0,0.57,58.54,63.54,4.35,1.81,12.2,0.0,0.0,14.75,135.0,1.81,3.99,1.45,0.36,0.72,0.72,0.0,0.36,0.0,135.0,7.91,6.43,0.71,28.57,1.43,7.27,4.29,16.22,12.4,9.42,0.0,0.0,7.25,21.51,2.17,7.89,15.38,0.0,10.81,0.0,9.26,35.0,24.32,20.45,16.67,5.08,17.65,3.0,25.0,135.0,0.72,0.0,0.72,0.0,0.0,0.0,0.0,0.36,0.0,0.0,0.0,0.0,135.0,0.36,0.36,0.0,0.36,0.0,0.0,0.0,0.0,0.36,100.0,0.71,0.0,2.0,0.36
Monte Morris,Indiana Pacers,IND @ CHA,IND @ CHA,,3.03,232.5,-4.5,2026-01-09,33.0,-8.73,66.0,15.15,4.55,10.61,42.86,1.52,6.06,25.0,25.0,1.52,3.03,6.06,4.55,0.0,33.33,33.33,100.0,36.36,0.58,40.91,41.67,0.0,1.52,14.29,0.0,0.0,15.66,33.0,4.55,9.09,4.55,0.0,1.52,3.03,0.0,0.0,0.0,33.0,2.13,4.0,0.0,0.0,1.33,4.55,2.67,11.76,7.69,0.0,0.0,0.0,0.0,0.0,0.0,0.0,0.0,0.0,0.0,50.0,9.09,16.67,0.0,0.0,0.0,0.0,0.0,0.0,0.0,33.0,1.52,1.52,0.0,100.0,1.52,0.0,0.0,0.0,0.0,0.0,0.0,0.0,33.0,0.0,0.0,0.0,0.0,0.0,0.0,0.0,0.0,0.0,0.0,1.33,0.0,1.0,0.0
Miles Bridges,Charlotte Hornets,IND @ CHA,IND @ CHA,7500.0,33.0,232.5,-4.5,2026-01-09,677.0,1.45,1353.0,29.49,7.02,13.08,53.67,3.47,10.57,32.87,32.87,5.03,7.69,6.36,9.76,0.67,54.74,56.52,93.62,44.69,0.54,51.72,56.2,0.44,0.52,3.95,0.07,0.7,24.29,677.0,4.88,12.71,1.92,2.96,1.33,0.52,0.07,0.89,2.07,677.0,4.79,8.39,0.72,26.32,3.33,13.9,4.34,19.8,16.72,1.11,0.07,3.85,0.44,1.85,0.59,2.24,2.06,16.3,12.75,10.64,19.75,20.0,2.31,1.91,0.0,1.88,3.3,3.0,1.79,677.0,2.37,1.33,1.03,56.25,0.22,0.07,1.11,0.52,0.07,0.0,0.0,0.0,677.0,1.08,0.87,0.22,0.58,0.29,0.0,0.07,0.14,0.8,73.33,0.58,3.0,5.0,0.22
Collin Sexton,Charlotte Hornets,IND @ CHA,IND @ CHA,5400.0,24.0,232.5,-4.5,2026-01-09,414.0,4.77,831.0,32.01,7.7,15.04,51.2,2.89,6.62,43.64,43.64,7.94,5.78,9.63,7.22,1.44,37.5,40.68,83.33,30.56,0.54,55.56,62.5,1.2,2.05,13.6,0.0,0.0,25.28,414.0,7.82,18.89,4.57,3.25,3.73,0.72,0.12,1.08,2.17,414.0,2.09,2.73,0.48,15.38,0.95,4.02,1.31,5.67,4.83,1.44,0.0,0.0,0.72,3.23,0.72,3.08,3.15,5.56,3.19,3.03,5.92,4.76,4.35,3.3,0.0,2.67,4.44,2.0,2.7,414.0,4.33,2.65,1.68,61.11,1.44,0.12,1.2,0.36,0.36,0.0,0.0,0.0,414.0,0.24,0.24,0.0,0.0,0.12,0.12,0.0,0.0,0.12,50.0,1.9,11.0,5.0,0.0
Grant Williams,Charlotte Hornets,IND @ CHA,IND @ CHA,3500.0,0.0,232.5,-4.5,2026-01-09,,,,,,,,,,,,,,,,,,,,,,,,,,,,,,,,,,,,,,,,,,,,,,,,,,,,,,,,,,,,,,,,,,,,,,,,,,,,,,,,,,,,,,,,,,,,,,,,,
Cody Martin,Indiana Pacers,IND @ CHA,IND @ CHA,,4.41,232.5,-4.5,2026-01-09,23.0,-1.29,46.0,6.52,2.17,6.52,33.33,0.0,6.52,0.0,0.0,2.17,4.35,0.0,0.0,0.0,100.0,100.0,0.0,50.0,0.52,16.67,21.43,0.0,2.17,33.33,0.0,0.0,12.73,23.0,2.17,6.52,0.0,2.17,0.0,0.0,0.0,0.0,2.17,23.0,8.0,12.96,0.0,0.0,0.0,0.0,12.96,33.33,18.92,2.17,0.0,0.0,2.17,5.88,0.0,0.0,3.45,0.0,0.0,0.0,43.75,0.0,14.29,0.0,0.0,0.0,0.0,0.0,0.0,23.0,0.0,0.0,0.0,0.0,0.0,0.0,0.0,0.0,0.0,0.0,0.0,0.0,23.0,1.85,1.85,0.0,0.0,0.0,1.85,0.0,0.0,1.85,100.0,1.85,1.0,0.0,0.0
Aaron Nesmith,Indiana Pacers,IND @ CHA,IND @ CHA,6000.0,31.0,232.5,-4.5,2026-01-09,161.0,-8.16,347.0,23.92,3.46,9.8,35.29,4.03,12.1,33.33,33.33,4.9,5.19,1.73,12.1,0.0,75.0,81.82,100.0,55.26,0.53,43.42,48.26,0.58,1.73,17.65,0.29,2.38,24.32,161.0,2.59,6.34,1.44,1.15,0.29,1.15,0.0,0.58,0.58,161.0,4.77,6.09,0.0,0.0,3.19,13.75,2.9,14.71,14.19,3.46,0.29,5.88,1.15,4.04,2.02,8.14,5.95,11.11,12.2,25.0,14.58,15.0,2.56,6.38,0.0,8.82,5.56,4.0,9.76,161.0,3.75,1.73,2.02,46.15,1.15,0.58,0.58,0.0,0.0,0.0,0.0,0.0,161.0,0.58,0.58,0.0,0.0,0.58,0.0,0.0,0.0,0.29,50.0,2.32,1.0,7.0,0.0
Josh Green,Charlotte Hornets,IND @ CHA,IND @ CHA,3700.0,4.63,232.5,-4.5,2026-01-09,175.0,-0.75,354.0,14.41,1.13,1.98,57.14,3.95,10.17,38.89,38.89,0.28,1.69,0.56,11.86,0.0,75.0,75.0,100.0,83.72,0.57,58.14,57.95,0.0,0.0,0.0,0.0,0.0,11.53,175.0,2.82,6.5,1.98,0.85,1.41,0.56,0.0,0.0,0.85,175.0,2.98,2.86,0.0,0.0,0.86,3.41,2.0,8.05,5.71,3.11,0.0,0.0,0.85,3.49,2.26,8.42,6.08,2.7,5.26,0.0,10.94,0.0,2.63,2.56,11.11,9.59,4.55,0.0,0.0,175.0,1.41,0.85,0.56,60.0,0.28,0.28,0.56,0.28,0.0,0.0,0.0,0.0,175.0,0.0,0.0,0.0,0.0,0.0,0.0,0.0,0.0,0.0,0.0,2.0,3.0,4.0,0.0
LaMelo Ball,Charlotte Hornets,IND @ CHA,IND @ CHA,8500.0,27.0,232.5,-4.5,2026-01-09,436.0,5.97,894.0,37.7,6.71,14.88,45.11,6.49,15.32,42.34,42.34,4.81,1.57,11.86,13.76,5.7,11.67,12.96,70.69,50.74,0.51,54.44,57.76,1.34,1.12,7.52,0.0,0.0,32.01,436.0,13.2,31.88,7.72,5.48,5.59,1.79,0.34,1.57,3.91,436.0,4.1,6.21,0.11,4.35,2.37,9.91,3.72,16.92,13.27,2.01,0.0,0.0,1.45,6.19,0.56,2.17,4.09,4.17,11.25,22.22,18.18,12.2,3.9,8.74,3.33,2.17,2.17,8.0,5.8,436.0,5.37,3.36,2.01,62.5,0.78,0.22,2.57,0.45,0.22,0.0,0.34,0.0,436.0,0.11,0.11,0.0,0.11,0.0,0.0,0.0,0.0,0.0,0.0,1.81,7.0,9.0,0.0
Tre Mann,Charlotte Hornets,IND @ CHA,IND @ CHA,3700.0,3.5,232.5,-4.5,2026-01-09,254.0,-3.35,513.0,21.83,5.07,12.28,41.27,3.7,11.5,32.2,32.2,0.58,2.34,7.8,7.6,3.51,23.08,23.08,68.42,48.36,0.52,44.67,45.16,0.0,0.58,4.76,0.0,0.0,23.91,254.0,6.82,17.54,2.92,3.9,2.14,0.58,0.19,1.17,2.73,254.0,3.88,5.61,0.19,10.0,3.87,16.53,1.55,7.62,12.39,2.14,0.0,0.0,1.36,5.74,0.78,2.96,4.28,12.5,19.23,19.05,9.09,0.0,5.36,5.36,10.0,2.06,5.26,4.0,5.63,254.0,4.68,2.92,1.75,62.5,1.36,0.19,1.56,0.39,0.19,0.0,0.39,0.0,254.0,0.39,0.39,0.0,0.19,0.19,0.0,0.0,0.0,0.39,100.0,1.55,4.0,4.0,0.0
Isaiah Jackson,Indiana Pacers,IND @ CHA,IND @ CHA,3900.0,0.0,232.5,-4.5,2026-01-09,,,,,,,,,,,,,,,,,,,,,,,,,,,,,,,,,,,,,,,,,,,,,,,,,,,,,,,,,,,,,,,,,,,,,,,,,,,,,,,,,,,,,,,,,,,,,,,,,
Jeremiah Robinson-Earl,Indiana Pacers,IND @ CHA,IND @ CHA,,4.75,232.5,-4.5,2026-01-09,80.0,-2.6,168.0,7.74,2.38,10.71,22.22,0.6,3.57,16.67,16.67,1.19,3.57,1.19,1.79,0.0,75.0,100.0,100.0,25.0,0.52,22.92,26.0,1.19,1.79,16.67,0.0,0.0,12.56,80.0,2.38,5.36,1.79,0.6,1.19,0.6,0.0,0.0,0.6,80.0,8.5,10.4,0.58,50.0,5.78,24.39,4.05,17.07,20.73,6.55,1.19,50.0,2.38,7.02,2.98,12.2,9.18,18.18,22.22,66.67,21.21,0.0,11.11,4.35,0.0,11.43,16.67,1.0,6.25,80.0,0.6,0.6,0.0,100.0,0.6,0.0,0.0,0.0,0.0,0.0,0.0,0.0,80.0,0.0,0.0,0.0,0.0,0.0,0.0,0.0,0.0,0.0,0.0,1.73,2.0,1.0,0.0
Jay Huff,Indiana Pacers,IND @ CHA,IND @ CHA,4500.0,7.03,232.5,-4.5,2026-01-09,183.0,-8.87,398.0,15.83,2.76,3.27,84.62,2.51,9.8,25.64,25.64,2.76,4.02,1.51,7.54,0.0,72.73,88.89,100.0,75.0,0.57,50.0,54.31,1.01,0.25,7.69,0.0,0.0,13.87,183.0,3.02,6.78,2.26,0.75,0.75,0.75,0.75,0.25,0.5,183.0,3.74,5.45,0.74,30.0,2.23,8.91,2.48,11.11,9.95,2.01,0.0,0.0,1.51,6.52,0.5,1.83,3.98,2.56,16.28,5.26,10.0,15.0,11.76,0.0,14.29,2.22,0.0,0.0,0.0,183.0,1.26,0.5,0.75,40.0,0.0,0.0,0.5,0.25,0.0,0.0,0.0,0.0,183.0,5.45,5.2,0.25,2.48,2.72,0.0,0.0,0.25,3.22,59.09,0.25,0.0,1.0,0.0
Mac McClung,Indiana Pacers,IND @ CHA,IND @ CHA,,2.91,232.5,-4.5,2026-01-09,16.0,-20.0,35.0,28.57,2.86,5.71,50.0,5.71,17.14,33.33,33.33,5.71,5.71,0.0,8.57,8.57,100.0,100.0,50.0,75.0,0.52,50.0,55.56,0.0,2.86,50.0,0.0,0.0,20.83,16.0,2.86,5.71,2.86,0.0,0.0,0.0,2.86,0.0,0.0,16.0,2.86,5.71,0.0,0.0,0.0,0.0,5.71,50.0,16.67,0.0,0.0,0.0,0.0,0.0,0.0,0.0,0.0,0.0,0.0,0.0,50.0,0.0,0.0,0.0,0.0,0.0,0.0,0.0,0.0,16.0,2.86,2.86,0.0,100.0,0.0,0.0,2.86,0.0,0.0,0.0,0.0,0.0,16.0,2.86,2.86,0.0,0.0,2.86,0.0,0.0,0.0,2.86,100.0,5.71,1.0,1.0,0.0
Micah Potter,Indiana Pacers,IND @ CHA,IND @ CHA,4000.0,5.99,232.5,-4.5,2026-01-09,38.0,11.31,82.0,24.39,1.22,1.22,100.0,2.44,6.1,40.0,40.0,14.63,2.44,0.0,7.32,0.0,100.0,100.0,100.0,83.33,0.55,66.67,83.33,0.0,0.0,0.0,0.0,0.0,14.77,38.0,7.32,17.07,4.88,2.44,3.66,1.22,0.0,0.0,2.44,38.0,4.12,6.82,2.27,66.67,2.27,13.33,2.27,11.76,12.5,1.22,1.22,100.0,0.0,0.0,0.0,0.0,0.0,0.0,25.0,0.0,13.33,0.0,0.0,0.0,0.0,0.0,0.0,0.0,0.0,38.0,1.22,1.22,0.0,100.0,0.0,0.0,1.22,0.0,0.0,0.0,0.0,0.0,38.0,1.14,1.14,0.0,1.14,0.0,0.0,0.0,0.0,1.14,100.0,0.0,0.0,0.0,0.0
Bennedict Mathurin,Indiana Pacers,IND @ CHA,IND @ CHA,5000.0,0.0,232.5,-4.5,2026-01-09,,,,,,,,,,,,,,,,,,,,,,,,,,,,,,,,,,,,,,,,,,,,,,,,,,,,,,,,,,,,,,,,,,,,,,,,,,,,,,,,,,,,,,,,,,,,,,,,,
Andrew Nembhard,Indiana Pacers,IND @ CHA,IND @ CHA,7100.0,34.0,232.5,-4.5,2026-01-09,,,,,,,,,,,,,,,,,,,,,,,,,,,,,,,,,,,,,,,,,,,,,,,,,,,,,,,,,,,,,,,,,,,,,,,,,,,,,,,,,,,,,,,,,,,,,,,,,
Moussa Diabate,Charlotte Hornets,IND @ CHA,IND @ CHA,6100.0,30.0,232.5,-4.5,2026-01-09,752.0,2.79,1510.0,16.42,6.16,9.87,62.42,0.0,0.0,0.0,0.0,4.11,8.08,4.24,0.0,0.0,65.59,85.92,0.0,0.0,0.61,62.42,64.25,2.91,0.6,6.04,0.0,0.0,11.96,752.0,3.11,8.15,1.19,1.92,0.6,0.33,0.26,0.53,1.39,752.0,8.6,9.31,0.65,27.03,4.82,20.56,3.84,18.21,19.44,7.88,0.07,3.33,4.97,20.72,2.85,11.59,16.1,15.13,23.45,26.98,18.7,16.13,25.64,15.88,22.22,10.95,13.64,10.0,23.26,752.0,1.72,0.53,1.19,30.77,0.13,0.07,0.4,0.07,0.33,0.0,0.07,0.0,752.0,1.89,1.89,0.0,1.3,0.59,0.0,0.0,0.0,1.17,62.07,1.76,6.0,21.0,0.2
Quenton Jackson,Indiana Pacers,IND @ CHA,IND @ CHA,3600.0,4.28,232.5,-4.5,2026-01-09,61.0,-3.44,132.0,25.76,6.06,9.85,61.54,1.52,4.55,33.33,33.33,9.09,3.03,9.09,4.55,0.0,25.0,28.57,100.0,31.58,0.56,57.89,62.96,1.52,0.76,7.69,0.0,0.0,21.05,61.0,4.55,12.12,1.52,3.03,1.52,0.0,0.0,0.76,2.27,61.0,2.57,3.57,0.0,0.0,2.14,11.11,1.43,6.25,8.47,1.52,0.0,0.0,1.52,8.0,0.0,0.0,3.39,15.38,9.09,0.0,10.0,0.0,0.0,15.38,0.0,0.0,0.0,0.0,0.0,61.0,3.79,3.03,0.76,80.0,1.52,0.0,1.52,0.76,0.0,0.0,0.0,0.0,61.0,0.0,0.0,0.0,0.0,0.0,0.0,0.0,0.0,0.0,0.0,2.14,1.0,2.0,0.0
Brandon Miller,Charlotte Hornets,IND @ CHA,IND @ CHA,7300.0,32.0,232.5,-4.5,2026-01-09,393.0,7.27,804.0,34.45,6.97,14.68,47.46,4.98,12.81,38.83,38.83,5.6,5.97,7.96,12.69,2.24,42.86,44.44,85.0,46.61,0.5,52.49,57.23,0.5,0.62,4.24,0.0,0.0,29.18,393.0,4.85,12.19,2.36,2.49,1.74,0.62,0.0,0.62,1.87,393.0,3.58,5.15,0.12,5.88,2.09,8.85,2.94,12.24,10.57,1.99,0.25,12.5,0.75,3.14,1.0,4.17,3.66,7.06,9.09,13.33,12.82,10.0,4.84,2.91,0.0,4.7,2.33,7.0,6.31,393.0,4.23,2.49,1.74,58.82,1.12,0.25,1.37,0.5,0.0,0.0,0.0,0.12,393.0,1.35,1.35,0.0,0.86,0.49,0.0,0.0,0.0,0.49,36.36,1.1,2.0,7.0,0.25
Jarace Walker,Indiana Pacers,IND @ CHA,IND @ CHA,3800.0,20.0,232.5,-4.5,2026-01-09,246.0,-11.71,525.0,21.71,3.05,8.38,36.36,4.19,12.38,33.85,33.85,3.05,3.81,2.29,11.43,1.14,62.5,71.43,90.91,59.63,0.52,44.95,48.29,0.76,0.95,11.36,0.0,0.0,22.09,246.0,4.95,12.38,2.48,2.48,2.1,0.19,0.19,0.57,1.9,246.0,4.31,7.93,0.55,27.27,2.77,12.4,4.61,20.66,16.53,0.57,0.19,4.76,0.0,0.0,0.38,1.46,0.76,8.33,12.5,23.53,22.73,15.15,0.0,0.0,0.0,1.83,0.0,0.0,0.0,246.0,2.67,1.52,1.14,57.14,0.76,0.0,0.76,0.76,0.0,0.0,0.0,0.0,246.0,0.74,0.74,0.0,0.74,0.0,0.0,0.0,0.0,0.74,100.0,1.48,4.0,4.0,0.0
Ben Sheppard,Indiana Pacers,IND @ CHA,IND @ CHA,3800.0,23.0,232.5,-4.5,2026-01-09,167.0,-5.22,361.0,15.79,2.77,6.65,41.67,2.77,9.14,30.3,30.3,1.94,4.43,1.11,7.48,0.83,80.0,88.89,90.0,57.89,0.57,43.86,46.72,0.55,0.55,8.33,0.28,3.03,15.95,167.0,3.6,9.14,1.66,1.94,1.11,0.55,0.0,0.83,1.11,167.0,4.33,7.32,0.28,12.5,3.66,16.25,3.38,14.12,15.15,1.39,0.0,0.0,0.28,1.15,1.11,4.08,2.7,12.5,18.42,16.67,15.63,9.52,2.63,0.0,0.0,3.7,5.88,1.0,2.94,167.0,1.66,0.83,0.83,50.0,0.55,0.28,0.28,0.55,0.0,0.0,0.0,0.0,167.0,0.0,0.0,0.0,0.0,0.0,0.0,0.0,0.0,0.0,0.0,0.85,3.0,0.0,0.0
Drew Peterson,Charlotte Hornets,IND @ CHA,IND @ CHA,,2.32,232.5,-4.5,2026-01-09,46.0,-15.22,86.0,4.65,2.33,3.49,66.67,0.0,9.3,0.0,0.0,0.0,2.33,2.33,0.0,0.0,50.0,50.0,0.0,72.73,0.59,18.18,18.18,0.0,0.0,0.0,0.0,0.0,10.58,46.0,2.33,5.81,1.16,1.16,0.0,1.16,0.0,1.16,0.0,46.0,4.49,5.43,2.17,50.0,1.09,7.14,2.17,11.76,9.68,3.49,0.0,0.0,0.0,0.0,3.49,11.54,6.25,0.0,20.0,0.0,14.29,0.0,0.0,0.0,0.0,10.53,14.29,0.0,0.0,46.0,0.0,0.0,0.0,0.0,0.0,0.0,0.0,0.0,0.0,0.0,0.0,0.0,46.0,0.0,0.0,0.0,0.0,0.0,0.0,0.0,0.0,0.0,0.0,3.26,2.0,1.0,0.0
Tidjane Salaun,Charlotte Hornets,IND @ CHA,IND @ CHA,3900.0,18.0,232.5,-4.5,2026-01-09,287.0,6.52,580.0,18.62,3.97,6.55,60.53,2.93,6.55,44.74,44.74,1.9,6.55,1.38,8.79,0.0,82.61,90.48,100.0,50.0,0.58,63.82,64.29,0.69,0.69,10.53,0.0,0.0,14.14,287.0,2.59,6.55,1.21,1.38,0.86,0.17,0.17,0.34,1.03,287.0,5.97,9.78,0.17,9.09,4.72,19.86,4.89,20.71,20.28,2.07,0.0,0.0,0.86,3.91,1.21,5.34,4.63,17.54,22.95,17.39,20.18,23.08,5.26,3.33,0.0,2.83,16.0,0.0,0.0,287.0,2.24,0.86,1.38,38.46,0.34,0.0,0.52,0.52,0.0,0.0,0.17,0.0,287.0,0.67,0.67,0.0,0.17,0.34,0.17,0.0,0.0,0.67,100.0,1.35,4.0,4.0,0.0
Johnny Furphy,Indiana Pacers,IND @ CHA,IND @ CHA,4000.0,25.0,232.5,-4.5,2026-01-09,75.0,-11.44,153.0,16.34,3.27,5.88,55.56,3.27,6.54,50.0,50.0,0.0,6.54,0.0,9.8,0.0,100.0,100.0,100.0,52.63,0.56,65.79,65.79,0.0,0.65,11.11,0.0,0.0,13.86,75.0,1.31,2.61,1.31,0.0,0.0,0.65,0.65,0.0,0.0,75.0,4.05,5.36,1.19,40.0,1.79,9.68,2.38,11.43,10.61,2.61,0.0,0.0,1.31,6.06,1.31,6.06,6.06,0.0,7.14,28.57,10.0,20.0,10.0,6.67,0.0,4.55,9.09,1.0,12.5,75.0,2.61,0.65,1.96,25.0,0.0,0.0,0.65,1.31,0.0,0.0,0.0,0.0,75.0,0.0,0.0,0.0,0.0,0.0,0.0,0.0,0.0,0.0,0.0,1.19,0.0,2.0,0.0
KJ Simpson,Charlotte Hornets,IND @ CHA,IND @ CHA,3600.0,5.04,232.5,-4.5,2026-01-09,126.0,-11.05,251.0,18.73,3.98,11.95,33.33,2.79,7.97,35.0,35.0,2.39,1.59,6.37,8.37,0.0,20.0,22.22,100.0,40.0,0.54,41.0,42.73,0.8,1.2,10.0,0.0,0.0,22.0,126.0,7.97,21.12,2.79,5.18,1.59,1.2,0.0,1.99,3.19,126.0,2.98,4.76,0.0,0.0,2.38,12.24,2.38,12.0,12.12,1.2,0.0,0.0,0.0,0.0,1.2,4.62,2.52,10.53,15.79,9.09,14.63,0.0,0.0,0.0,0.0,4.44,5.0,1.0,3.33,126.0,4.38,2.79,1.59,63.64,0.4,0.4,2.39,0.4,0.0,0.0,0.0,0.0,126.0,0.0,0.0,0.0,0.0,0.0,0.0,0.0,0.0,0.0,0.0,3.17,3.0,5.0,0.0
RayJ Dennis,Indiana Pacers,IND @ CHA,IND @ CHA,,2.09,232.5,-4.5,2026-01-09,109.0,-15.39,230.0,16.52,2.61,10.0,26.09,3.04,10.43,29.17,29.17,2.17,3.48,1.74,6.52,2.61,66.67,66.67,71.43,51.06,0.5,35.11,38.0,0.0,0.43,4.35,0.0,0.0,20.65,109.0,6.96,16.52,4.35,2.61,3.04,0.87,0.43,0.43,2.17,109.0,3.01,2.98,0.0,0.0,2.13,9.26,0.85,3.7,6.48,3.04,0.0,0.0,1.3,4.69,1.74,5.26,5.0,16.67,7.41,0.0,2.86,5.26,0.0,6.25,12.5,4.69,8.33,2.0,6.06,109.0,3.04,2.61,0.43,85.71,0.0,0.43,2.61,0.0,0.0,0.0,0.0,0.0,109.0,0.85,0.85,0.0,0.0,0.85,0.0,0.0,0.0,0.43,50.0,0.85,1.0,1.0,0.0
Ethan Thompson,Indiana Pacers,IND @ CHA,IND @ CHA,3500.0,5.68,232.5,-4.5,2026-01-09,53.0,24.7,104.0,13.46,3.85,4.81,80.0,1.92,7.69,25.0,25.0,0.0,5.77,1.92,5.77,0.0,75.0,75.0,100.0,61.54,0.5,53.85,53.85,0.0,0.0,0.0,0.0,0.0,13.91,53.0,5.77,14.42,2.88,2.88,1.92,0.96,0.0,0.0,2.88,53.0,0.91,1.72,0.0,0.0,0.86,5.26,0.86,4.17,4.65,0.0,0.0,0.0,0.0,0.0,0.0,0.0,0.0,16.67,0.0,0.0,4.55,0.0,0.0,0.0,0.0,0.0,0.0,0.0,0.0,53.0,2.88,0.96,1.92,33.33,0.96,0.0,0.0,0.96,0.0,0.0,0.0,0.0,53.0,0.0,0.0,0.0,0.0,0.0,0.0,0.0,0.0,0.0,0.0,0.86,0.0,1.0,0.0
Liam McNeeley,Charlotte Hornets,IND @ CHA,IND @ CHA,3600.0,3.23,232.5,-4.5,2026-01-09,219.0,5.25,426.0,17.84,1.88,3.05,61.54,3.29,8.92,36.84,36.84,4.23,1.88,1.88,9.15,0.7,50.0,57.14,92.86,74.51,0.54,56.86,61.29,0.47,0.47,15.38,0.0,0.0,13.75,219.0,3.29,8.69,1.17,2.11,0.94,0.23,0.0,0.47,1.64,219.0,4.53,7.59,0.69,33.33,2.99,13.68,3.91,16.19,15.0,1.41,0.23,11.11,0.0,0.0,1.17,4.39,2.27,10.81,14.29,18.75,14.81,20.83,0.0,0.0,0.0,4.4,4.35,1.0,3.7,219.0,1.88,1.17,0.7,62.5,0.0,0.47,1.17,0.0,0.0,0.0,0.0,0.0,219.0,0.46,0.46,0.0,0.23,0.23,0.0,0.0,0.0,0.23,50.0,0.92,0.0,4.0,0.0
Sion James,Charlotte Hornets,IND @ CHA,IND @ CHA,3900.0,6.76,232.5,-4.5,2026-01-09,579.0,1.02,1153.0,11.71,1.56,3.56,43.9,1.91,5.64,33.85,33.85,2.86,2.08,1.04,5.46,0.26,66.67,75.0,95.45,61.32,0.58,48.11,54.44,0.35,0.61,17.07,0.26,4.62,10.48,579.0,4.6,11.88,1.91,2.69,1.65,0.26,0.0,0.95,1.73,579.0,3.18,4.88,0.33,14.29,2.56,11.4,1.99,8.99,10.2,1.39,0.09,3.7,0.26,1.16,1.04,4.11,2.72,11.32,9.92,15.56,7.04,16.67,0.0,2.5,0.0,4.85,1.54,2.0,3.64,579.0,1.47,0.61,0.87,41.18,0.26,0.09,0.35,0.17,0.26,0.0,0.09,0.0,579.0,0.66,0.66,0.0,0.41,0.25,0.0,0.0,0.0,0.41,62.5,1.49,11.0,7.0,0.0
Kon Knueppel,Charlotte Hornets,IND @ CHA,IND @ CHA,6900.0,33.0,232.5,-4.5,2026-01-09,630.0,4.49,1282.0,29.25,4.37,8.89,49.12,5.38,12.79,42.07,42.07,4.37,4.68,4.06,14.74,1.4,53.57,55.56,91.3,58.99,0.54,57.37,60.95,0.31,1.17,13.16,0.08,0.61,23.39,630.0,4.45,11.39,1.95,2.5,1.25,0.55,0.16,1.25,1.25,630.0,3.55,5.28,0.46,16.67,2.45,10.77,2.37,11.11,10.94,1.79,0.08,3.85,0.55,2.51,1.17,4.46,3.58,10.28,11.64,9.09,10.22,14.81,1.75,2.31,5.71,3.54,7.32,4.0,2.96,630.0,3.59,2.26,1.33,63.04,1.17,0.31,1.09,0.39,0.23,0.0,0.16,0.0,630.0,0.38,0.38,0.0,0.23,0.15,0.0,0.0,0.0,0.38,100.0,0.69,4.0,5.0,0.08
Ryan Kalkbrenner,Charlotte Hornets,IND @ CHA,IND @ CHA,4400.0,6.92,232.5,-4.5,2026-01-09,,,,,,,,,,,,,,,,,,,,,,,,,,,,,,,,,,,,,,,,,,,,,,,,,,,,,,,,,,,,,,,,,,,,,,,,,,,,,,,,,,,,,,,,,,,,,,,,,
Kam Jones,Indiana Pacers,IND @ CHA,IND @ CHA,3500.0,2.45,232.5,-4.5,2026-01-09,17.0,31.57,31.0,35.48,12.9,16.13,80.0,3.23,6.45,50.0,50.0,0.0,0.0,25.81,9.68,0.0,0.0,0.0,100.0,28.57,0.5,78.57,78.57,0.0,0.0,0.0,0.0,0.0,20.59,17.0,0.0,0.0,0.0,0.0,0.0,0.0,0.0,0.0,0.0,17.0,0.0,0.0,0.0,0.0,0.0,0.0,0.0,0.0,0.0,0.0,0.0,0.0,0.0,0.0,0.0,0.0,0.0,0.0,0.0,0.0,0.0,0.0,0.0,0.0,0.0,0.0,0.0,0.0,0.0,17.0,0.0,0.0,0.0,0.0,0.0,0.0,0.0,0.0,0.0,0.0,0.0,0.0,17.0,0.0,0.0,0.0,0.0,0.0,0.0,0.0,0.0,0.0,0.0,0.0,0.0,0.0,0.0
Taelon Peter,Indiana Pacers,IND @ CHA,IND @ CHA,3500.0,1.25,232.5,-4.5,2026-01-09,60.0,4.32,122.0,8.2,0.0,0.82,0.0,2.46,7.38,33.33,33.33,0.82,0.0,0.0,4.92,2.46,0.0,0.0,66.67,90.0,0.53,45.0,45.45,0.0,0.0,0.0,0.0,0.0,10.07,60.0,7.38,18.03,4.1,3.28,2.46,1.64,0.0,0.0,3.28,60.0,2.69,3.62,0.0,0.0,3.62,19.23,0.0,0.0,8.06,1.64,0.0,0.0,0.0,0.0,1.64,6.45,3.45,11.11,21.43,33.33,0.0,0.0,0.0,0.0,0.0,8.33,0.0,0.0,0.0,60.0,2.46,0.82,1.64,33.33,0.0,0.0,0.82,1.64,0.0,0.0,0.0,0.0,60.0,1.45,1.45,0.0,0.0,1.45,0.0,0.0,0.0,0.0,0.0,0.72,0.0,1.0,0.0
Nikola Vucevic,Chicago Bulls,MIA @ CHI,MIA @ CHI,7600.0,32.0,237.5,7.5,2026-01-09,316.0,-14.8,652.0,25.0,7.06,14.57,48.42,2.91,7.06,41.3,41.3,2.15,11.04,3.07,8.28,0.46,78.26,83.72,94.74,32.62,0.5,52.84,53.97,0.92,0.77,5.26,0.0,0.0,23.5,316.0,6.44,15.03,4.29,2.15,3.22,0.77,0.31,0.61,1.53,316.0,7.63,12.07,0.45,23.08,7.45,29.07,4.17,19.05,24.45,3.07,0.0,0.0,1.69,8.59,1.38,5.33,6.73,24.44,28.87,36.67,16.38,29.03,12.07,6.67,0.0,5.3,5.41,3.0,4.23,316.0,2.61,1.84,0.77,70.59,0.46,0.0,1.38,0.31,0.31,0.0,0.0,0.0,316.0,0.45,0.45,0.0,0.0,0.45,0.0,0.0,0.0,0.0,0.0,0.3,0.0,2.0,0.0
Andrew Wiggins,Miami Heat,MIA @ CHI,MIA @ CHI,6300.0,30.0,237.5,7.5,2026-01-09,1003.0,1.13,2160.0,22.96,6.34,12.27,51.7,2.64,6.76,39.04,39.04,2.36,5.83,6.85,7.5,0.42,45.99,52.94,94.74,35.52,0.54,54.14,55.98,1.67,1.02,8.3,0.05,0.68,20.16,1003.0,4.17,10.09,2.41,1.76,1.57,0.65,0.19,0.46,1.3,1003.0,3.44,4.2,0.28,13.64,1.84,8.16,2.07,8.56,8.37,2.69,0.0,0.0,1.57,5.92,1.11,5.24,5.62,10.86,5.93,8.86,7.98,10.4,5.8,6.55,3.33,4.09,8.62,12.0,6.22,1003.0,2.31,1.57,0.74,68.0,0.88,0.23,0.69,0.23,0.05,0.0,0.0,0.05,1003.0,1.66,1.57,0.09,0.97,0.46,0.14,0.09,0.0,1.06,63.89,1.8,17.0,22.0,0.0
Norman Powell,Miami Heat,MIA @ CHI,MIA @ CHI,7200.0,32.5,237.5,7.5,2026-01-09,943.0,4.95,2043.0,36.17,7.39,13.66,54.12,4.6,10.87,42.34,42.34,7.59,8.03,6.75,11.89,1.91,54.3,55.41,86.17,44.31,0.55,58.28,64.79,0.29,1.37,10.04,0.15,1.35,27.15,943.0,4.11,9.3,3.03,1.08,1.76,1.13,0.15,0.49,0.59,943.0,2.81,5.02,0.1,4.44,2.58,11.47,2.34,9.8,10.61,0.59,0.0,0.0,0.29,1.09,0.29,1.47,1.26,10.19,10.88,16.67,9.46,10.83,0.48,1.75,0.0,1.0,2.83,4.0,1.79,943.0,2.94,1.32,1.62,45.0,1.03,0.39,0.29,0.54,0.1,0.0,0.34,0.0,943.0,0.29,0.29,0.0,0.2,0.1,0.0,0.0,0.0,0.24,83.33,1.9,19.0,20.0,0.0
Zach Collins,Chicago Bulls,MIA @ CHI,MIA @ CHI,4000.0,0.0,237.5,7.5,2026-01-09,42.0,6.95,93.0,20.43,5.38,10.75,50.0,2.15,4.3,50.0,50.0,3.23,8.6,2.15,6.45,0.0,80.0,100.0,100.0,28.57,0.6,57.14,59.38,2.15,1.08,10.0,0.0,0.0,18.18,42.0,2.15,5.38,1.08,1.08,1.08,0.0,0.0,1.08,0.0,42.0,8.79,14.61,2.25,66.67,7.87,35.0,4.49,22.22,28.95,3.23,0.0,0.0,3.23,14.29,0.0,0.0,7.32,44.44,12.5,66.67,23.08,20.0,15.38,16.67,0.0,0.0,0.0,0.0,0.0,42.0,4.3,1.08,3.23,25.0,0.0,0.0,1.08,1.08,0.0,0.0,0.0,0.0,42.0,0.0,0.0,0.0,0.0,0.0,0.0,0.0,0.0,0.0,0.0,0.0,0.0,0.0,0.0
Bam Adebayo,Miami Heat,MIA @ CHI,MIA @ CHI,7400.0,31.0,237.5,7.5,2026-01-09,842.0,4.05,1791.0,25.29,7.26,14.74,49.24,1.95,6.03,32.41,32.41,4.91,9.6,4.91,5.53,0.34,66.15,71.07,94.29,29.03,0.53,49.06,53.55,1.01,0.67,4.55,0.0,0.0,23.26,842.0,3.69,9.1,1.95,1.73,1.51,0.22,0.22,0.22,1.51,842.0,7.42,12.25,0.78,43.75,6.24,27.05,5.23,22.98,25.03,2.57,0.06,1.89,1.06,4.02,1.45,6.86,5.28,23.78,28.28,30.14,22.55,24.27,3.03,5.18,1.75,7.86,4.04,3.0,1.55,842.0,2.9,1.62,1.28,55.77,1.06,0.34,0.56,0.28,0.11,0.0,0.11,0.11,842.0,1.17,1.11,0.06,0.61,0.45,0.06,0.06,0.0,0.72,61.9,1.39,6.0,19.0,0.17
Kevin Knox,Chicago Bulls,MIA @ CHI,MIA @ CHI,,3.01,237.5,7.5,2026-01-09,,,,,,,,,,,,,,,,,,,,,,,,,,,,,,,,,,,,,,,,,,,,,,,,,,,,,,,,,,,,,,,,,,,,,,,,,,,,,,,,,,,,,,,,,,,,,,,,,
Kevin Huerter,Chicago Bulls,MIA @ CHI,MIA @ CHI,5800.0,28.0,237.5,7.5,2026-01-09,235.0,-12.46,486.0,19.96,7.2,10.7,67.31,1.23,10.08,12.24,12.24,1.85,8.23,6.17,3.7,0.0,57.14,62.5,100.0,48.51,0.57,43.56,46.19,1.23,1.23,11.54,0.0,0.0,22.18,235.0,4.53,9.47,4.12,0.41,2.88,1.03,0.21,0.0,0.41,235.0,4.09,7.1,0.41,28.57,2.64,9.22,4.06,20.2,13.75,1.03,0.0,0.0,0.41,1.96,0.62,2.61,2.3,7.69,8.97,12.5,21.62,16.0,2.04,2.17,0.0,2.25,3.85,1.0,1.85,235.0,3.09,2.67,0.41,86.67,1.03,0.0,1.65,0.41,0.0,0.0,0.0,0.0,235.0,0.81,0.81,0.0,0.2,0.61,0.0,0.0,0.0,0.41,50.0,2.23,4.0,7.0,0.0
Jevon Carter,Chicago Bulls,MIA @ CHI,MIA @ CHI,3600.0,7.92,237.5,7.5,2026-01-09,82.0,-27.83,158.0,17.72,1.27,3.8,33.33,5.06,12.66,40.0,40.0,0.0,2.53,0.0,13.29,1.9,100.0,100.0,87.5,76.92,0.53,53.85,53.85,0.0,0.63,16.67,0.0,0.0,18.54,82.0,3.16,8.23,1.27,1.9,0.63,0.63,0.0,0.0,1.9,82.0,2.74,3.53,0.0,0.0,1.18,6.9,2.35,10.53,8.96,1.9,0.0,0.0,0.63,2.56,1.27,4.55,3.61,0.0,6.67,16.67,3.85,25.0,0.0,0.0,25.0,5.26,0.0,0.0,0.0,82.0,4.43,1.9,2.53,42.86,0.63,0.0,1.27,1.27,0.0,0.0,0.63,0.0,82.0,0.0,0.0,0.0,0.0,0.0,0.0,0.0,0.0,0.0,0.0,1.18,0.0,2.0,0.0
Coby White,Chicago Bulls,MIA @ CHI,MIA @ CHI,6600.0,26.0,237.5,7.5,2026-01-09,99.0,-9.82,199.0,31.66,7.54,13.57,55.56,3.02,11.56,26.09,26.09,7.54,2.01,13.07,7.54,1.51,13.33,13.33,83.33,46.0,0.53,48.0,53.39,0.0,1.01,7.41,0.0,0.0,33.03,99.0,8.54,23.12,2.51,6.03,1.01,1.01,0.5,2.51,3.52,99.0,4.42,8.65,0.96,25.0,4.33,19.57,3.37,13.73,16.49,0.0,0.0,0.0,0.0,0.0,0.0,0.0,0.0,28.57,17.39,11.11,12.82,16.67,0.0,0.0,0.0,0.0,0.0,0.0,0.0,99.0,7.04,5.03,2.01,71.43,3.02,0.5,2.01,1.51,0.0,0.0,0.0,0.0,99.0,0.0,0.0,0.0,0.0,0.0,0.0,0.0,0.0,0.0,0.0,0.48,0.0,1.0,0.0
Tyler Herro,Miami Heat,MIA @ CHI,MIA @ CHI,7900.0,30.0,237.5,7.5,2026-01-09,201.0,0.14,435.0,32.41,8.97,15.63,57.35,2.99,7.82,38.24,38.24,5.52,10.11,7.82,6.9,2.07,56.41,57.89,76.92,33.33,0.51,57.35,62.5,0.46,0.92,5.88,0.0,0.0,24.69,201.0,3.68,8.97,2.07,1.61,1.38,0.46,0.23,0.69,0.92,201.0,4.22,7.71,0.45,25.0,3.4,12.3,3.85,18.48,14.95,0.69,0.0,0.0,0.46,1.49,0.23,1.27,1.41,12.82,11.67,13.04,18.84,17.39,0.0,2.78,0.0,1.85,0.0,2.0,4.35,201.0,2.07,1.61,0.46,77.78,0.69,0.0,0.92,0.46,0.0,0.0,0.0,0.0,201.0,0.68,0.68,0.0,0.0,0.68,0.0,0.0,0.0,0.23,33.33,1.36,4.0,2.0,0.0
Patrick Williams,Chicago Bulls,MIA @ CHI,MIA @ CHI,3800.0,7.54,237.5,7.5,2026-01-09,206.0,-22.49,436.0,17.43,2.98,7.8,38.24,3.44,8.49,40.54,40.54,1.15,3.21,2.75,8.26,2.06,53.85,58.33,80.0,52.11,0.53,50.0,50.67,0.46,0.92,11.76,0.0,0.0,17.81,206.0,2.52,5.96,1.61,0.92,0.92,0.46,0.23,0.23,0.69,206.0,4.04,6.73,0.7,25.0,3.02,13.4,3.02,14.29,13.83,1.38,0.0,0.0,0.0,0.0,1.38,5.36,2.76,9.09,19.61,0.0,14.47,13.33,0.0,0.0,0.0,6.25,0.0,0.0,0.0,206.0,2.98,1.83,1.15,61.54,0.92,0.0,0.92,0.0,0.23,0.0,0.69,0.0,206.0,0.7,0.7,0.0,0.46,0.23,0.0,0.0,0.0,0.7,100.0,2.55,6.0,5.0,0.23
Isaac Okoro,Chicago Bulls,MIA @ CHI,MIA @ CHI,3900.0,26.0,237.5,7.5,2026-01-09,193.0,-16.47,396.0,14.39,3.03,4.8,63.16,1.77,6.31,28.0,28.0,3.03,4.04,2.02,4.55,0.76,66.67,72.73,85.71,56.82,0.61,51.14,57.0,0.51,0.25,5.26,0.0,0.0,12.61,193.0,2.27,5.05,1.77,0.51,1.26,0.51,0.0,0.51,0.0,193.0,1.99,2.45,0.25,10.0,0.98,3.64,1.23,5.95,4.64,1.52,0.0,0.0,0.76,3.66,0.76,3.03,3.31,5.88,3.33,0.0,6.35,4.76,5.0,2.78,0.0,2.6,4.55,1.0,4.17,193.0,1.26,0.51,0.76,40.0,0.0,0.51,0.51,0.0,0.0,0.0,0.0,0.0,193.0,1.72,1.72,0.0,1.23,0.49,0.0,0.0,0.0,0.98,57.14,1.23,0.0,5.0,0.0
Jalen Smith,Chicago Bulls,MIA @ CHI,MIA @ CHI,5200.0,0.0,237.5,7.5,2026-01-09,,,,,,,,,,,,,,,,,,,,,,,,,,,,,,,,,,,,,,,,,,,,,,,,,,,,,,,,,,,,,,,,,,,,,,,,,,,,,,,,,,,,,,,,,,,,,,,,,
Tre Jones,Chicago Bulls,MIA @ CHI,MIA @ CHI,6200.0,28.0,237.5,7.5,2026-01-09,268.0,-7.16,561.0,20.68,7.31,12.12,60.29,0.0,2.14,0.0,0.0,6.06,6.77,7.84,0.0,0.0,46.34,46.34,0.0,15.0,0.56,51.25,58.59,0.0,1.07,8.82,0.0,0.0,17.99,268.0,11.23,27.27,6.42,4.81,3.92,2.5,0.0,1.6,3.21,268.0,2.48,4.24,0.0,0.0,1.94,7.38,2.3,10.74,8.89,0.71,0.0,0.0,0.18,0.86,0.53,2.34,1.64,2.27,5.88,25.0,12.24,4.35,1.79,0.0,0.0,2.88,0.0,1.0,3.13,268.0,2.14,1.25,0.89,58.33,0.71,0.53,0.53,0.36,0.0,0.0,0.0,0.0,268.0,0.53,0.53,0.0,0.18,0.35,0.0,0.0,0.0,0.18,33.33,1.59,2.0,7.0,0.0
Josh Giddey,Chicago Bulls,MIA @ CHI,MIA @ CHI,8300.0,0.0,237.5,7.5,2026-01-09,,,,,,,,,,,,,,,,,,,,,,,,,,,,,,,,,,,,,,,,,,,,,,,,,,,,,,,,,,,,,,,,,,,,,,,,,,,,,,,,,,,,,,,,,,,,,,,,,
Davion Mitchell,Miami Heat,MIA @ CHI,MIA @ CHI,5300.0,29.0,237.5,7.5,2026-01-09,1009.0,5.53,2174.0,14.4,4.05,7.96,50.87,1.75,4.6,38.0,38.0,1.06,2.85,5.24,4.42,0.83,35.23,35.23,84.21,36.63,0.55,53.11,53.78,0.0,0.64,8.09,0.05,1.0,14.22,1009.0,11.59,28.79,5.98,5.61,3.5,1.89,0.6,1.33,4.28,1009.0,1.91,3.32,0.05,2.5,1.66,7.14,1.62,6.53,6.83,0.51,0.05,1.96,0.37,1.39,0.09,0.46,0.99,7.51,6.43,8.54,6.16,7.69,1.39,1.67,0.0,0.62,0.0,3.0,2.29,1009.0,2.62,1.61,1.01,61.4,0.46,0.05,1.15,0.69,0.14,0.0,0.05,0.0,1009.0,0.18,0.18,0.0,0.18,0.0,0.0,0.0,0.0,0.18,100.0,1.94,23.0,19.0,0.0
Ayo Dosunmu,Chicago Bulls,MIA @ CHI,MIA @ CHI,5700.0,28.0,237.5,7.5,2026-01-09,251.0,-21.54,520.0,26.35,5.96,10.38,57.41,3.65,8.65,42.22,42.22,3.46,5.77,6.15,10.38,0.58,48.39,48.39,94.74,45.45,0.6,60.1,63.43,0.0,1.54,14.81,0.0,0.0,20.17,251.0,7.69,18.85,4.23,3.46,1.92,1.92,0.38,0.96,2.5,251.0,2.88,4.42,0.19,10.0,1.35,5.51,2.88,12.4,8.87,1.35,0.0,0.0,0.58,2.46,0.77,2.94,2.71,2.38,6.45,8.7,12.77,11.11,5.17,0.0,0.0,3.77,0.0,3.0,7.32,251.0,1.73,1.15,0.58,66.67,0.77,0.38,0.38,0.0,0.19,0.0,0.0,0.0,251.0,0.38,0.38,0.0,0.0,0.38,0.0,0.0,0.0,0.19,50.0,1.15,2.0,4.0,0.0
Dalen Terry,Chicago Bulls,MIA @ CHI,MIA @ CHI,3600.0,6.75,237.5,7.5,2026-01-09,85.0,-8.62,177.0,15.82,3.95,7.34,53.85,2.26,4.52,50.0,50.0,1.13,5.65,2.26,6.78,0.0,71.43,71.43,100.0,38.1,0.62,61.9,63.64,0.0,1.13,15.38,0.0,0.0,13.24,85.0,3.95,9.04,2.82,1.13,1.13,1.13,0.56,0.0,1.13,85.0,2.79,3.31,0.0,0.0,1.1,5.13,2.21,10.0,7.59,2.26,0.0,0.0,1.13,4.55,1.13,4.0,4.26,0.0,8.7,0.0,6.45,22.22,5.56,4.35,0.0,5.41,0.0,0.0,0.0,85.0,2.82,2.26,0.56,80.0,0.56,0.0,1.69,0.56,0.0,0.0,0.0,0.0,85.0,1.1,1.1,0.0,0.0,1.1,0.0,0.0,0.0,0.55,50.0,1.66,1.0,2.0,0.0
Nikola Jovic,Miami Heat,MIA @ CHI,MIA @ CHI,4900.0,26.0,237.5,7.5,2026-01-09,468.0,5.15,1035.0,20.19,4.06,8.6,47.19,2.61,9.18,28.42,28.42,4.25,5.6,2.51,7.25,0.58,69.05,76.32,92.59,51.63,0.56,44.84,50.24,0.77,0.68,7.87,0.0,0.0,21.64,468.0,6.86,15.75,4.83,2.03,2.9,1.55,0.39,0.77,1.26,468.0,4.1,6.94,0.48,20.83,2.79,12.34,3.66,13.87,13.16,1.26,0.0,0.0,0.39,1.74,0.87,3.95,2.84,10.0,16.96,3.03,11.9,20.31,2.17,1.65,0.0,4.32,3.03,1.0,0.98,468.0,4.35,2.71,1.64,62.22,0.87,0.58,1.84,0.1,0.29,0.0,0.0,0.0,468.0,1.06,1.06,0.0,0.39,0.67,0.0,0.0,0.0,0.48,45.45,1.64,4.0,13.0,0.0
Simone Fontecchio,Miami Heat,MIA @ CHI,MIA @ CHI,3700.0,0.99,237.5,7.5,2026-01-09,516.0,-1.04,1108.0,23.65,2.26,5.6,40.32,5.14,13.09,39.31,39.31,3.7,3.43,1.08,14.89,0.54,76.0,90.48,96.49,70.05,0.55,53.38,58.26,0.72,0.81,14.52,0.18,1.38,19.67,516.0,4.33,10.29,2.71,1.62,1.35,0.99,0.36,0.45,1.17,516.0,3.83,6.21,0.18,8.33,3.51,15.29,2.52,9.36,12.09,1.44,0.09,3.45,0.45,1.86,0.9,3.58,2.74,14.71,18.58,7.5,9.87,7.89,4.08,0.67,0.0,3.98,2.56,3.0,2.63,516.0,2.53,1.26,1.26,50.0,0.27,0.27,0.99,0.18,0.27,0.0,0.18,0.0,516.0,0.45,0.45,0.0,0.36,0.09,0.0,0.0,0.0,0.18,40.0,1.17,4.0,9.0,0.09
Dru Smith,Miami Heat,MIA @ CHI,MIA @ CHI,3800.0,1.49,237.5,7.5,2026-01-09,591.0,1.19,1280.0,17.03,3.91,7.81,50.0,1.88,5.78,32.43,32.43,3.59,3.75,4.06,4.92,0.7,48.0,52.17,87.5,42.53,0.55,49.43,54.57,0.63,1.17,15.0,0.23,4.05,15.33,591.0,7.03,16.95,4.14,2.89,2.42,1.41,0.31,1.09,1.8,591.0,3.1,4.23,0.08,3.23,1.69,7.31,2.46,9.33,8.39,1.95,0.16,5.71,0.78,3.07,1.02,4.55,3.76,5.08,6.9,15.79,8.43,12.2,3.97,2.94,0.0,4.39,4.94,4.0,4.94,591.0,2.34,1.56,0.78,66.67,0.78,0.31,0.78,0.23,0.08,0.0,0.08,0.0,591.0,0.69,0.61,0.08,0.08,0.46,0.08,0.08,0.0,0.31,44.44,4.07,29.0,24.0,0.0
Jaime Jaquez Jr.,Miami Heat,MIA @ CHI,MIA @ CHI,5800.0,27.0,237.5,7.5,2026-01-09,920.0,6.41,1979.0,25.62,9.65,16.83,57.36,0.71,2.68,26.42,26.42,4.19,8.69,10.61,2.12,0.0,45.03,48.31,100.0,13.73,0.54,54.92,58.14,1.31,1.26,7.51,0.0,0.0,22.22,920.0,7.12,17.28,4.09,3.03,2.43,1.57,0.1,0.66,2.37,920.0,4.19,6.44,0.7,27.45,2.57,10.97,3.17,11.91,11.47,1.92,0.0,0.0,1.36,5.5,0.56,2.58,4.14,9.64,11.11,13.51,10.7,15.75,7.22,5.36,0.0,2.58,2.59,10.0,6.54,920.0,3.39,2.07,1.31,61.19,0.96,0.25,1.11,0.25,0.3,0.0,0.05,0.0,920.0,0.35,0.35,0.0,0.2,0.15,0.0,0.0,0.0,0.1,28.57,1.26,11.0,14.0,0.05
Julian Phillips,Chicago Bulls,MIA @ CHI,MIA @ CHI,3600.0,6.72,237.5,7.5,2026-01-09,102.0,-16.2,205.0,15.61,2.93,4.39,66.67,2.44,8.78,27.78,27.78,2.44,4.88,0.98,7.32,0.0,83.33,100.0,100.0,66.67,0.58,50.0,53.33,0.98,0.0,0.0,0.0,0.0,14.73,102.0,0.98,1.95,0.98,0.0,0.49,0.49,0.0,0.0,0.0,102.0,2.84,3.21,0.46,33.33,0.92,3.85,1.83,6.78,5.41,2.44,0.49,16.67,0.49,2.56,1.46,5.08,4.08,8.33,0.0,9.09,7.14,5.88,0.0,5.0,0.0,4.88,5.56,0.0,0.0,102.0,1.46,0.98,0.49,66.67,0.49,0.0,0.49,0.49,0.0,0.0,0.0,0.0,102.0,0.92,0.92,0.0,0.92,0.0,0.0,0.0,0.0,0.0,0.0,3.21,2.0,5.0,0.0
Matas Buzelis,Chicago Bulls,MIA @ CHI,MIA @ CHI,6500.0,32.0,237.5,7.5,2026-01-09,250.0,-14.3,510.0,24.71,6.08,10.39,58.49,2.75,8.43,32.56,32.56,4.31,6.67,5.49,7.65,0.59,54.84,56.67,92.86,44.79,0.58,54.17,57.8,0.39,1.37,13.21,0.0,0.0,22.61,250.0,2.75,7.06,1.18,1.57,0.98,0.2,0.0,0.59,0.98,250.0,5.12,8.19,0.57,23.08,4.38,16.31,3.24,14.91,15.69,1.96,0.0,0.0,0.78,3.57,1.18,4.65,4.15,19.51,17.57,7.69,14.77,15.38,5.08,2.27,0.0,1.94,15.38,1.0,2.27,250.0,4.12,2.94,1.18,71.43,1.96,0.78,0.98,0.2,0.2,0.0,0.0,0.0,250.0,2.29,1.9,0.38,1.52,0.38,0.0,0.0,0.38,1.52,66.67,0.95,0.0,5.0,0.19
Kel'el Ware,Miami Heat,MIA @ CHI,MIA @ CHI,6800.0,28.0,237.5,7.5,2026-01-09,864.0,-1.34,1861.0,22.84,6.66,10.96,60.78,2.26,5.21,43.3,43.3,2.74,8.81,4.51,6.77,0.0,66.13,93.18,100.0,32.23,0.6,62.13,64.79,3.87,0.81,7.35,0.05,1.03,16.81,864.0,0.97,2.42,0.48,0.48,0.32,0.11,0.05,0.21,0.27,864.0,9.89,13.24,0.74,43.75,5.59,24.48,6.91,27.2,25.91,6.5,0.0,0.0,4.84,16.92,1.67,7.91,13.1,22.15,26.83,22.73,27.76,25.23,16.42,18.55,10.71,7.51,9.09,14.0,11.76,864.0,1.83,1.02,0.81,55.88,0.32,0.11,0.7,0.21,0.0,0.0,0.0,0.11,864.0,2.29,2.18,0.11,1.12,1.06,0.0,0.0,0.11,1.01,44.19,1.54,6.0,23.0,0.53
Pelle Larsson,Miami Heat,MIA @ CHI,MIA @ CHI,4100.0,1.6,237.5,7.5,2026-01-09,608.0,2.38,1324.0,19.03,4.53,8.53,53.1,2.27,6.57,34.48,34.48,3.17,6.04,3.02,6.57,0.23,66.67,68.97,96.67,43.5,0.57,52.5,56.0,0.3,0.83,9.73,0.15,2.3,16.85,608.0,6.65,15.94,4.0,2.64,2.95,1.06,0.0,0.98,1.66,608.0,2.76,4.39,0.08,3.85,1.51,6.37,2.8,11.28,8.88,1.13,0.0,0.0,0.68,2.6,0.45,2.3,2.47,4.46,7.5,7.14,10.25,14.29,2.48,1.6,8.11,2.16,2.63,5.0,5.26,608.0,1.96,1.44,0.53,73.08,0.15,0.08,1.28,0.3,0.15,0.0,0.0,0.0,608.0,0.45,0.3,0.15,0.23,0.08,0.0,0.08,0.08,0.15,33.33,1.14,3.0,12.0,0.0
Yuki Kawamura,Chicago Bulls,MIA @ CHI,MIA @ CHI,3500.0,4.48,237.5,7.5,2026-01-09,,,,,,,,,,,,,,,,,,,,,,,,,,,,,,,,,,,,,,,,,,,,,,,,,,,,,,,,,,,,,,,,,,,,,,,,,,,,,,,,,,,,,,,,,,,,,,,,,
Keshad Johnson,Miami Heat,MIA @ CHI,MIA @ CHI,3500.0,0.51,237.5,7.5,2026-01-09,83.0,7.27,175.0,16.0,3.43,8.0,42.86,1.71,6.86,25.0,25.0,4.0,2.29,4.57,5.14,0.0,33.33,50.0,100.0,46.15,0.61,40.38,46.67,2.29,1.14,14.29,0.0,0.0,14.68,83.0,0.0,0.0,0.0,0.0,0.0,0.0,0.0,0.0,0.0,83.0,5.34,5.52,0.55,16.67,2.21,9.52,2.76,13.89,11.54,5.14,1.14,25.0,1.71,6.12,2.29,9.3,7.61,21.05,0.0,0.0,16.13,0.0,10.53,3.57,0.0,7.41,12.5,1.0,6.67,83.0,1.14,1.14,0.0,100.0,0.57,0.0,0.57,0.0,0.0,0.0,0.0,0.0,83.0,2.21,2.21,0.0,2.21,0.0,0.0,0.0,0.0,1.1,50.0,1.66,0.0,3.0,0.0
Jahmir Young,Miami Heat,MIA @ CHI,MIA @ CHI,3500.0,0.38,237.5,7.5,2026-01-09,9.0,-10.32,18.0,11.11,5.56,5.56,100.0,0.0,11.11,0.0,0.0,0.0,0.0,11.11,0.0,0.0,0.0,0.0,0.0,66.67,0.49,33.33,33.33,0.0,0.0,0.0,0.0,0.0,19.05,9.0,5.56,16.67,0.0,5.56,0.0,0.0,0.0,0.0,5.56,9.0,2.56,4.76,0.0,0.0,4.76,20.0,0.0,0.0,14.29,0.0,0.0,0.0,0.0,0.0,0.0,0.0,0.0,0.0,0.0,50.0,0.0,0.0,0.0,0.0,0.0,0.0,0.0,0.0,0.0,9.0,5.56,5.56,0.0,100.0,5.56,0.0,0.0,0.0,0.0,0.0,0.0,0.0,9.0,0.0,0.0,0.0,0.0,0.0,0.0,0.0,0.0,0.0,0.0,4.76,0.0,1.0,0.0
Noa Essengue,Chicago Bulls,MIA @ CHI,MIA @ CHI,3500.0,0.0,237.5,7.5,2026-01-09,,,,,,,,,,,,,,,,,,,,,,,,,,,,,,,,,,,,,,,,,,,,,,,,,,,,,,,,,,,,,,,,,,,,,,,,,,,,,,,,,,,,,,,,,,,,,,,,,
Kasparas Jakucionis,Miami Heat,MIA @ CHI,MIA @ CHI,3600.0,1.17,237.5,7.5,2026-01-09,154.0,-2.05,336.0,13.99,0.89,5.65,15.79,3.27,6.55,50.0,50.0,2.38,0.6,1.19,9.82,0.0,33.33,33.33,100.0,53.66,0.56,47.56,52.22,0.0,1.79,31.58,0.3,4.55,13.18,154.0,3.57,9.23,1.49,2.08,1.19,0.3,0.0,1.19,0.89,154.0,2.67,3.26,0.0,0.0,0.89,4.55,2.37,11.11,7.97,2.08,0.0,0.0,1.19,4.49,0.89,3.8,4.17,10.0,0.0,0.0,9.62,15.0,6.98,2.44,0.0,3.45,4.76,2.0,10.53,154.0,1.79,1.49,0.3,83.33,0.0,0.0,1.49,0.0,0.3,0.0,0.0,0.0,154.0,0.0,0.0,0.0,0.0,0.0,0.0,0.0,0.0,0.0,0.0,2.08,3.0,4.0,0.0
Myron Gardner,Miami Heat,MIA @ CHI,MIA @ CHI,3500.0,0.3,237.5,7.5,2026-01-09,35.0,1.45,79.0,20.25,5.06,7.59,66.67,2.53,7.59,33.33,33.33,2.53,5.06,5.06,7.59,0.0,50.0,66.67,100.0,50.0,0.6,58.33,61.54,2.53,1.27,16.67,0.0,0.0,14.74,35.0,3.8,11.39,0.0,3.8,0.0,0.0,0.0,2.53,1.27,35.0,3.75,2.47,0.0,0.0,1.23,9.09,1.23,9.09,9.09,5.06,0.0,0.0,3.8,11.11,1.27,5.26,8.7,0.0,0.0,50.0,0.0,25.0,16.67,7.14,0.0,7.14,0.0,1.0,20.0,35.0,1.27,0.0,1.27,0.0,0.0,0.0,0.0,1.27,0.0,0.0,0.0,0.0,35.0,0.0,0.0,0.0,0.0,0.0,0.0,0.0,0.0,0.0,0.0,3.7,1.0,2.0,0.0
Vladislav Goldin,Miami Heat,MIA @ CHI,MIA @ CHI,3500.0,0.07,237.5,7.5,2026-01-09,1.0,0.0,2.0,0.0,0.0,0.0,0.0,0.0,0.0,0.0,0.0,0.0,0.0,0.0,0.0,0.0,0.0,0.0,0.0,0.0,0.0,0.0,0.0,0.0,0.0,0.0,0.0,0.0,0.0,1.0,50.0,150.0,0.0,50.0,0.0,0.0,0.0,0.0,50.0,1.0,0.0,0.0,0.0,0.0,0.0,0.0,0.0,0.0,0.0,0.0,0.0,0.0,0.0,0.0,0.0,0.0,0.0,0.0,0.0,0.0,0.0,0.0,0.0,0.0,0.0,0.0,0.0,0.0,0.0,1.0,0.0,0.0,0.0,0.0,0.0,0.0,0.0,0.0,0.0,0.0,0.0,0.0,1.0,0.0,0.0,0.0,0.0,0.0,0.0,0.0,0.0,0.0,0.0,0.0,0.0,0.0,0.0
Lachlan Olbrich,Chicago Bulls,MIA @ CHI,MIA @ CHI,3500.0,3.58,237.5,7.5,2026-01-09,42.0,-16.63,78.0,2.56,1.28,3.85,33.33,0.0,1.28,0.0,0.0,0.0,2.56,0.0,0.0,0.0,100.0,100.0,0.0,25.0,0.55,25.0,20.0,0.0,1.28,33.33,0.0,0.0,7.69,42.0,3.85,11.54,0.0,3.85,0.0,0.0,0.0,1.28,2.56,42.0,7.79,9.21,1.32,50.0,5.26,19.05,2.63,10.0,14.63,6.41,0.0,0.0,3.85,11.11,2.56,11.11,11.11,0.0,27.27,25.0,7.14,16.67,20.0,7.69,0.0,0.0,33.33,0.0,0.0,42.0,2.56,0.0,2.56,0.0,0.0,0.0,0.0,1.28,1.28,0.0,0.0,0.0,42.0,0.0,0.0,0.0,0.0,0.0,0.0,0.0,0.0,0.0,0.0,0.0,0.0,0.0,0.0
Mike Conley,Minnesota Timberwolves,CLE @ MIN,CLE @ MIN,3700.0,12.43,236.5,-2.5,2026-01-09,272.0,14.39,556.0,14.03,1.62,3.96,40.91,2.88,7.73,37.21,37.21,2.16,2.52,0.72,7.55,1.08,77.78,77.78,87.5,66.15,0.53,50.77,53.57,0.0,0.0,0.0,0.0,0.0,13.28,272.0,9.89,23.74,5.94,3.96,4.32,1.26,0.36,0.72,3.24,272.0,2.16,3.78,0.18,11.11,1.44,5.52,2.16,9.68,7.43,0.54,0.0,0.0,0.18,0.88,0.36,1.56,1.24,7.5,2.5,12.0,9.28,11.11,2.44,0.0,0.0,2.27,0.0,1.0,2.5,272.0,2.34,1.26,1.08,53.85,0.18,0.18,1.08,0.54,0.0,0.0,0.18,0.0,272.0,0.72,0.54,0.18,0.18,0.18,0.18,0.0,0.18,0.36,50.0,1.8,3.0,7.0,0.0
Rudy Gobert,Minnesota Timberwolves,CLE @ MIN,CLE @ MIN,6700.0,31.5,236.5,-2.5,2026-01-09,427.0,12.87,886.0,18.85,7.56,10.95,69.07,0.0,0.0,0.0,0.0,3.72,10.84,4.29,0.0,0.0,71.64,96.0,0.0,0.0,0.65,69.07,66.27,3.84,0.68,6.19,0.0,0.0,14.55,427.0,2.93,7.67,1.13,1.81,0.56,0.34,0.23,0.34,1.47,427.0,8.54,10.64,0.78,31.82,5.15,19.17,4.7,20.69,19.86,6.43,0.11,3.13,3.39,14.02,2.93,12.87,13.46,12.28,21.83,19.51,19.74,23.53,25.0,8.7,7.41,13.79,10.53,8.0,33.33,427.0,2.48,1.13,1.35,45.45,1.02,0.34,0.11,0.45,0.0,0.0,0.0,0.0,427.0,3.14,3.14,0.0,0.78,1.79,0.56,0.0,0.0,1.79,57.14,0.9,1.0,7.0,0.34
Julius Randle,Minnesota Timberwolves,CLE @ MIN,CLE @ MIN,7800.0,33.5,236.5,-2.5,2026-01-09,408.0,6.97,849.0,37.46,9.89,17.31,57.14,2.71,6.6,41.07,41.07,9.54,8.48,11.31,6.01,2.12,42.86,46.75,73.91,27.59,0.55,58.37,64.69,1.65,1.65,9.52,0.0,0.0,28.7,408.0,7.89,20.38,3.3,4.59,2.0,1.18,0.12,1.41,3.18,408.0,5.12,8.0,1.06,42.86,3.18,12.16,3.76,17.49,14.57,2.24,0.47,11.43,1.18,5.75,0.59,2.69,4.17,12.0,10.38,17.07,18.84,13.33,8.33,4.94,0.0,3.01,1.89,4.0,4.88,408.0,3.77,1.88,1.88,50.0,1.06,0.35,0.82,0.59,0.35,0.0,0.0,0.0,408.0,0.24,0.24,0.0,0.24,0.0,0.0,0.0,0.0,0.24,100.0,2.24,10.0,9.0,0.0
Joe Ingles,Minnesota Timberwolves,CLE @ MIN,CLE @ MIN,3500.0,1.97,236.5,-2.5,2026-01-09,3.0,40.0,5.0,0.0,0.0,0.0,0.0,0.0,20.0,0.0,0.0,0.0,0.0,0.0,0.0,0.0,0.0,0.0,0.0,100.0,0.45,0.0,0.0,0.0,0.0,0.0,0.0,0.0,14.29,3.0,20.0,40.0,20.0,0.0,20.0,0.0,0.0,0.0,0.0,3.0,0.0,0.0,0.0,0.0,0.0,0.0,0.0,0.0,0.0,0.0,0.0,0.0,0.0,0.0,0.0,0.0,0.0,0.0,0.0,0.0,0.0,0.0,0.0,0.0,0.0,0.0,0.0,0.0,0.0,3.0,0.0,0.0,0.0,0.0,0.0,0.0,0.0,0.0,0.0,0.0,0.0,0.0,3.0,0.0,0.0,0.0,0.0,0.0,0.0,0.0,0.0,0.0,0.0,0.0,0.0,0.0,0.0
Larry Nance Jr.,Cleveland Cavaliers,CLE @ MIN,CLE @ MIN,3600.0,6.29,236.5,-2.5,2026-01-09,120.0,-1.28,248.0,9.27,1.61,4.44,36.36,2.02,6.85,29.41,29.41,0.0,3.23,0.0,6.05,0.0,100.0,100.0,100.0,60.71,0.57,41.07,41.07,0.0,1.21,27.27,0.0,0.0,11.15,120.0,4.44,10.89,2.42,2.02,1.61,0.81,0.0,0.4,1.61,120.0,4.04,6.07,0.4,25.0,2.83,14.0,2.83,11.48,12.61,2.02,0.0,0.0,0.81,4.17,1.21,4.05,4.1,23.08,4.55,20.0,14.58,0.0,5.88,3.85,0.0,5.45,0.0,0.0,0.0,120.0,1.21,0.0,1.21,0.0,0.0,0.0,0.0,0.4,0.0,0.0,0.0,0.0,120.0,0.4,0.4,0.0,0.4,0.0,0.0,0.0,0.0,0.0,0.0,2.43,1.0,5.0,0.0
Lonzo Ball,Cleveland Cavaliers,CLE @ MIN,CLE @ MIN,4000.0,9.72,236.5,-2.5,2026-01-09,203.0,-5.01,438.0,8.68,0.91,1.6,57.14,1.83,9.36,19.51,19.51,1.37,0.91,0.91,4.79,0.68,50.0,66.67,87.5,85.42,0.56,33.33,37.25,0.46,0.23,14.29,0.0,0.0,13.61,203.0,7.53,19.41,3.2,4.34,2.05,0.91,0.23,1.37,2.97,203.0,4.17,6.12,0.94,40.0,2.59,13.41,2.59,10.68,11.89,2.28,0.0,0.0,1.14,6.02,1.14,3.6,4.5,10.26,10.71,26.67,8.54,19.05,6.67,5.0,7.69,3.26,4.26,0.0,0.0,203.0,4.11,2.74,1.37,66.67,0.68,0.0,2.05,1.14,0.0,0.0,0.0,0.0,203.0,0.71,0.71,0.0,0.0,0.24,0.47,0.0,0.0,0.47,66.67,3.29,6.0,8.0,0.0
Donovan Mitchell,Cleveland Cavaliers,CLE @ MIN,CLE @ MIN,9600.0,34.0,236.5,-2.5,2026-01-09,454.0,3.66,966.0,37.99,8.59,13.56,63.36,4.87,12.01,40.52,40.52,6.21,3.52,13.66,8.7,5.9,20.48,20.73,59.57,46.96,0.54,62.15,65.76,0.21,0.72,5.34,0.0,0.0,29.59,454.0,7.76,18.63,4.66,3.11,3.11,1.45,0.1,1.24,1.86,454.0,3.05,5.36,0.0,0.0,2.68,10.55,2.68,11.63,11.06,0.83,0.0,0.0,0.52,2.72,0.31,1.23,1.87,10.78,7.95,14.89,11.31,12.77,3.13,3.45,0.0,0.55,3.28,3.0,2.73,454.0,4.66,2.8,1.86,60.0,1.14,0.41,1.66,0.83,0.21,0.0,0.0,0.0,454.0,0.32,0.32,0.0,0.21,0.11,0.0,0.0,0.0,0.11,33.33,2.25,7.0,14.0,0.0
Jarrett Allen,Cleveland Cavaliers,CLE @ MIN,CLE @ MIN,6400.0,28.5,236.5,-2.5,2026-01-09,198.0,3.36,428.0,22.66,8.64,15.42,56.06,0.0,0.23,0.0,0.0,5.37,14.49,2.8,0.0,0.0,83.78,91.18,0.0,1.49,0.56,55.22,61.39,1.4,2.57,16.67,0.0,0.0,19.05,198.0,3.27,8.41,1.4,1.87,0.23,0.7,0.47,0.93,0.93,198.0,6.79,10.22,1.22,55.56,4.14,15.32,4.87,22.73,18.59,3.5,0.0,0.0,2.1,9.89,1.4,6.0,7.85,9.09,26.32,11.11,22.73,22.73,10.34,13.04,0.0,5.19,8.7,1.0,5.56,198.0,3.04,1.64,1.4,53.85,1.17,0.23,0.47,0.23,0.0,0.0,0.0,0.0,198.0,0.73,0.73,0.0,0.73,0.0,0.0,0.0,0.0,0.49,66.67,1.22,3.0,2.0,0.0
Thomas Bryant,Cleveland Cavaliers,CLE @ MIN,CLE @ MIN,3700.0,5.9,236.5,-2.5,2026-01-09,135.0,2.18,289.0,18.69,5.19,7.61,68.18,2.08,7.96,26.09,26.09,2.08,7.61,2.77,6.23,0.0,73.33,91.67,100.0,51.11,0.59,53.33,56.25,2.08,1.38,18.18,0.0,0.0,15.98,135.0,2.08,4.5,1.73,0.35,1.38,0.35,0.0,0.0,0.35,135.0,5.32,6.8,0.34,8.33,4.08,19.35,2.38,9.72,14.18,3.81,0.0,0.0,2.08,11.54,1.73,5.62,7.8,20.83,16.67,25.0,9.09,11.76,5.26,20.83,0.0,5.88,4.76,1.0,5.0,135.0,2.08,0.35,1.73,16.67,0.35,0.0,0.0,0.69,0.0,0.0,0.0,0.35,135.0,1.7,1.7,0.0,1.02,0.68,0.0,0.0,0.0,1.36,80.0,1.36,2.0,2.0,0.0
Donte DiVincenzo,Minnesota Timberwolves,CLE @ MIN,CLE @ MIN,5900.0,31.0,236.5,-2.5,2026-01-09,471.0,9.37,980.0,23.37,2.35,4.9,47.92,5.41,13.16,41.09,41.09,2.45,2.45,2.24,15.0,1.22,52.17,57.14,92.45,72.88,0.55,57.91,59.95,0.41,0.31,6.25,0.2,1.55,18.57,471.0,6.02,13.67,4.39,1.63,2.86,1.22,0.31,0.61,1.02,471.0,3.71,5.56,0.1,4.55,2.12,7.98,3.34,15.42,11.32,1.84,0.1,3.23,0.71,3.14,1.02,4.44,3.79,7.69,9.49,4.17,16.98,10.91,3.49,2.75,3.57,4.27,4.92,5.0,5.26,471.0,1.73,1.22,0.51,70.59,0.61,0.0,0.61,0.1,0.0,0.0,0.0,0.0,471.0,0.61,0.51,0.1,0.3,0.2,0.0,0.0,0.1,0.4,66.67,1.92,1.0,18.0,0.0
De'Andre Hunter,Cleveland Cavaliers,CLE @ MIN,CLE @ MIN,4400.0,28.0,236.5,-2.5,2026-01-09,300.0,0.2,646.0,25.23,6.04,10.53,57.35,2.32,8.82,26.32,26.32,6.19,5.88,6.19,4.18,2.79,48.72,50.0,60.0,45.6,0.53,49.2,56.21,0.31,0.77,7.35,0.0,0.0,22.65,300.0,4.18,10.37,2.17,2.01,0.93,0.93,0.31,0.62,1.39,300.0,3.85,6.69,0.32,28.57,2.23,9.79,4.14,18.57,14.13,1.08,0.0,0.0,0.15,0.79,0.93,3.55,2.37,7.69,10.71,13.64,17.59,21.88,0.0,1.54,0.0,3.94,2.38,1.0,1.56,300.0,3.72,2.48,1.24,66.67,1.08,0.62,1.39,0.15,0.0,0.0,0.15,0.0,300.0,0.32,0.32,0.0,0.16,0.0,0.16,0.0,0.0,0.32,100.0,1.27,5.0,3.0,0.0
Darius Garland,Cleveland Cavaliers,CLE @ MIN,CLE @ MIN,7000.0,32.0,236.5,-2.5,2026-01-09,,,,,,,,,,,,,,,,,,,,,,,,,,,,,,,,,,,,,,,,,,,,,,,,,,,,,,,,,,,,,,,,,,,,,,,,,,,,,,,,,,,,,,,,,,,,,,,,,
Dean Wade,Cleveland Cavaliers,CLE @ MIN,CLE @ MIN,3800.0,0.0,236.5,-2.5,2026-01-09,,,,,,,,,,,,,,,,,,,,,,,,,,,,,,,,,,,,,,,,,,,,,,,,,,,,,,,,,,,,,,,,,,,,,,,,,,,,,,,,,,,,,,,,,,,,,,,,,
Max Strus,Cleveland Cavaliers,CLE @ MIN,CLE @ MIN,3900.0,0.0,236.5,-2.5,2026-01-09,,,,,,,,,,,,,,,,,,,,,,,,,,,,,,,,,,,,,,,,,,,,,,,,,,,,,,,,,,,,,,,,,,,,,,,,,,,,,,,,,,,,,,,,,,,,,,,,,
Naz Reid,Minnesota Timberwolves,CLE @ MIN,CLE @ MIN,6000.0,28.0,236.5,-2.5,2026-01-09,438.0,5.6,910.0,28.13,6.04,10.88,55.56,4.51,11.76,38.32,38.32,2.53,6.59,5.49,12.53,0.99,54.55,60.0,92.68,51.94,0.53,56.55,58.18,1.1,1.1,10.1,0.0,0.0,23.86,438.0,5.05,12.42,2.75,2.31,1.98,0.66,0.11,0.66,1.65,438.0,6.1,10.22,0.66,35.29,7.25,26.94,2.31,11.23,20.14,1.98,0.11,4.35,0.99,4.02,0.88,3.83,3.93,29.76,24.0,30.56,11.64,9.76,5.38,3.88,0.0,4.05,3.28,3.0,3.0,438.0,3.41,1.87,1.54,54.84,0.77,0.22,1.1,0.77,0.0,0.0,0.11,0.0,438.0,1.65,1.43,0.22,0.55,0.66,0.22,0.11,0.11,0.88,53.33,1.87,5.0,12.0,0.11
Anthony Edwards,Minnesota Timberwolves,CLE @ MIN,CLE @ MIN,9500.0,35.0,236.5,-2.5,2026-01-09,,,,,,,,,,,,,,,,,,,,,,,,,,,,,,,,,,,,,,,,,,,,,,,,,,,,,,,,,,,,,,,,,,,,,,,,,,,,,,,,,,,,,,,,,,,,,,,,,
Jaden McDaniels,Minnesota Timberwolves,CLE @ MIN,CLE @ MIN,6000.0,31.5,236.5,-2.5,2026-01-09,466.0,6.11,968.0,24.48,7.33,13.95,52.59,1.86,5.17,36.0,36.0,4.24,8.68,5.99,4.96,0.62,59.15,62.69,88.89,27.03,0.54,52.97,57.25,0.83,1.45,10.37,0.0,0.0,21.37,466.0,3.62,8.68,2.17,1.45,1.55,0.52,0.1,0.41,1.03,466.0,3.1,4.54,0.0,0.0,2.27,8.46,2.27,10.43,9.34,1.65,0.21,5.88,1.03,4.67,0.41,1.9,3.3,7.41,10.61,4.26,10.19,11.11,7.14,3.88,0.0,1.89,1.96,8.0,10.0,466.0,2.79,0.83,1.96,29.63,0.41,0.31,0.41,0.52,0.21,0.0,0.31,0.0,466.0,1.55,1.55,0.0,1.24,0.31,0.0,0.0,0.0,0.72,46.67,1.34,4.0,9.0,0.0
Sam Merrill,Cleveland Cavaliers,CLE @ MIN,CLE @ MIN,4300.0,10.0,236.5,-2.5,2026-01-09,174.0,8.85,388.0,21.65,1.03,2.32,44.44,5.93,14.95,39.66,39.66,1.8,2.06,0.0,16.24,1.55,100.0,100.0,91.3,86.57,0.54,57.46,59.15,0.0,0.0,0.0,0.0,0.0,16.74,174.0,4.64,11.34,2.58,2.06,1.55,0.52,0.52,0.0,2.06,174.0,1.34,1.94,0.0,0.0,1.11,3.74,0.83,5.0,4.19,0.77,0.0,0.0,0.26,1.32,0.52,1.89,1.65,4.26,2.13,7.69,4.26,7.69,0.0,2.94,0.0,2.38,0.0,1.0,2.5,174.0,1.03,0.52,0.52,50.0,0.0,0.0,0.52,0.0,0.0,0.0,0.26,0.0,174.0,0.28,0.28,0.0,0.0,0.28,0.0,0.0,0.0,0.0,0.0,0.56,1.0,1.0,0.0
Evan Mobley,Cleveland Cavaliers,CLE @ MIN,CLE @ MIN,8200.0,33.5,236.5,-2.5,2026-01-09,398.0,-0.02,831.0,25.75,7.46,13.84,53.91,2.05,5.54,36.96,36.96,4.69,8.66,6.26,5.42,0.72,58.06,65.45,88.24,28.57,0.56,54.35,57.22,1.68,0.72,5.22,0.12,2.17,23.04,398.0,5.9,15.04,2.65,3.25,1.68,0.84,0.12,1.44,1.81,398.0,4.8,6.27,0.37,21.43,2.95,11.88,2.95,13.19,12.5,3.37,0.36,11.54,1.68,8.43,1.32,5.07,6.53,10.98,10.26,16.67,13.01,13.89,7.58,11.27,3.45,5.29,4.26,5.0,6.67,398.0,3.61,2.29,1.32,63.33,1.2,0.36,1.08,0.36,0.12,0.0,0.0,0.0,398.0,2.95,2.83,0.12,2.09,0.74,0.0,0.0,0.12,1.23,41.67,1.35,4.0,7.0,0.12
Bones Hyland,Minnesota Timberwolves,CLE @ MIN,CLE @ MIN,3900.0,12.05,236.5,-2.5,2026-01-09,219.0,15.76,447.0,23.94,4.7,7.16,65.63,4.03,11.19,36.0,36.0,2.46,4.47,4.92,8.72,3.36,47.62,50.0,72.22,60.98,0.57,58.54,60.8,0.45,0.89,12.5,0.0,0.0,20.15,219.0,7.16,17.45,4.03,3.13,3.36,0.45,0.22,1.12,2.01,219.0,2.21,3.26,0.0,0.0,1.96,7.56,1.3,6.45,7.08,1.12,0.22,5.88,0.45,2.13,0.45,1.54,1.79,6.38,7.27,11.76,6.58,5.88,0.0,4.76,0.0,0.0,5.26,0.0,0.0,219.0,3.8,1.57,2.24,41.18,0.45,0.0,1.12,1.34,0.0,0.0,0.0,0.0,219.0,0.87,0.87,0.0,0.43,0.22,0.22,0.0,0.0,0.87,100.0,1.52,2.0,5.0,0.0
Luke Travers,Cleveland Cavaliers,CLE @ MIN,CLE @ MIN,3500.0,3.71,236.5,-2.5,2026-01-09,60.0,0.25,126.0,13.49,3.97,7.94,50.0,0.0,9.52,0.0,0.0,5.56,4.76,3.17,0.0,0.0,60.0,75.0,0.0,54.55,0.6,22.73,34.0,1.59,0.0,0.0,0.0,0.0,17.69,60.0,3.97,8.73,3.17,0.79,2.38,0.79,0.0,0.0,0.79,60.0,5.79,7.52,0.75,16.67,5.26,20.59,1.5,7.69,15.0,3.97,0.0,0.0,0.79,3.57,3.17,10.0,7.35,11.11,27.27,0.0,11.76,0.0,6.67,0.0,0.0,11.76,0.0,0.0,0.0,60.0,0.79,0.79,0.0,100.0,0.0,0.0,0.79,0.0,0.0,0.0,0.0,0.0,60.0,2.26,2.26,0.0,0.0,2.26,0.0,0.0,0.0,2.26,100.0,3.01,0.0,4.0,0.0
Leonard Miller,Minnesota Timberwolves,CLE @ MIN,CLE @ MIN,3500.0,2.75,236.5,-2.5,2026-01-09,12.0,0.0,21.0,23.81,9.52,9.52,100.0,0.0,9.52,0.0,0.0,4.76,9.52,9.52,0.0,0.0,50.0,50.0,0.0,50.0,0.6,50.0,50.0,0.0,0.0,0.0,0.0,0.0,20.83,12.0,0.0,0.0,0.0,0.0,0.0,0.0,0.0,0.0,0.0,12.0,4.08,7.14,0.0,0.0,3.57,100.0,3.57,14.29,25.0,0.0,0.0,0.0,0.0,0.0,0.0,0.0,0.0,0.0,100.0,0.0,14.29,0.0,0.0,0.0,0.0,0.0,0.0,0.0,0.0,12.0,0.0,0.0,0.0,0.0,0.0,0.0,0.0,0.0,0.0,0.0,0.0,0.0,12.0,0.0,0.0,0.0,0.0,0.0,0.0,0.0,0.0,0.0,0.0,0.0,0.0,0.0,0.0
Jaylen Clark,Minnesota Timberwolves,CLE @ MIN,CLE @ MIN,3800.0,8.96,236.5,-2.5,2026-01-09,179.0,11.31,365.0,11.51,4.38,6.58,66.67,0.55,5.21,10.53,10.53,1.1,3.29,5.48,1.64,0.0,37.5,50.0,100.0,44.19,0.59,44.19,42.86,2.19,0.27,4.17,0.27,5.26,12.62,179.0,1.64,3.56,1.37,0.27,0.82,0.55,0.0,0.27,0.0,179.0,3.38,3.47,0.0,0.0,1.6,6.0,1.87,7.69,6.81,3.29,0.0,0.0,1.1,4.65,2.19,8.99,6.86,12.9,1.85,6.67,8.11,5.88,5.41,5.13,0.0,13.79,0.0,2.0,9.09,179.0,1.37,0.55,0.82,40.0,0.0,0.0,0.55,0.0,0.27,0.0,0.0,0.0,179.0,0.53,0.53,0.0,0.27,0.27,0.0,0.0,0.0,0.53,100.0,2.93,6.0,5.0,0.0
Chris Livingston,Cleveland Cavaliers,CLE @ MIN,CLE @ MIN,3500.0,2.73,236.5,-2.5,2026-01-09,17.0,24.7,36.0,25.0,11.11,11.11,100.0,0.0,8.33,0.0,0.0,2.78,16.67,5.56,0.0,0.0,75.0,75.0,0.0,42.86,0.64,57.14,64.29,0.0,0.0,0.0,0.0,0.0,18.92,17.0,2.78,5.56,2.78,0.0,0.0,2.78,0.0,0.0,0.0,17.0,4.11,8.11,0.0,0.0,0.0,0.0,8.11,27.27,23.08,0.0,0.0,0.0,0.0,0.0,0.0,0.0,0.0,0.0,0.0,0.0,37.5,0.0,0.0,0.0,0.0,0.0,0.0,0.0,0.0,17.0,0.0,0.0,0.0,0.0,0.0,0.0,0.0,0.0,0.0,0.0,0.0,0.0,17.0,0.0,0.0,0.0,0.0,0.0,0.0,0.0,0.0,0.0,0.0,2.7,0.0,1.0,0.0
Craig Porter Jr.,Cleveland Cavaliers,CLE @ MIN,CLE @ MIN,4300.0,6.73,236.5,-2.5,2026-01-09,245.0,11.96,518.0,12.55,3.47,5.98,58.06,1.74,3.86,45.0,45.0,0.39,2.7,4.25,4.63,0.58,38.89,46.67,88.89,39.22,0.56,61.76,60.38,1.16,0.19,3.23,0.0,0.0,11.71,245.0,7.92,18.73,5.02,2.9,3.86,0.97,0.19,0.97,1.93,245.0,5.41,6.77,0.19,7.69,3.48,14.17,3.09,12.6,13.39,4.05,0.0,0.0,1.35,6.67,2.7,11.11,9.09,9.09,20.83,12.5,12.5,13.04,4.26,6.52,16.67,11.34,10.34,1.0,4.76,245.0,3.28,2.7,0.58,82.35,0.19,0.19,2.51,0.39,0.0,0.0,0.0,0.0,245.0,1.74,1.55,0.19,0.39,1.16,0.0,0.19,0.0,1.16,66.67,3.48,9.0,9.0,0.0
Rob Dillingham,Minnesota Timberwolves,CLE @ MIN,CLE @ MIN,3600.0,6.69,236.5,-2.5,2026-01-09,174.0,-6.07,357.0,14.85,5.04,13.73,36.73,0.84,2.8,30.0,30.0,2.24,4.48,5.6,1.68,0.84,44.44,44.44,66.67,16.95,0.54,38.14,42.06,0.0,1.12,8.16,0.0,0.0,19.7,174.0,9.24,23.25,4.48,4.76,3.08,1.4,0.0,1.12,3.64,174.0,2.49,4.36,0.0,0.0,2.45,9.57,1.91,9.33,9.47,0.56,0.0,0.0,0.0,0.0,0.56,2.99,1.21,6.9,7.41,27.27,10.71,5.26,0.0,0.0,0.0,4.44,0.0,0.0,0.0,174.0,4.76,3.36,1.4,70.59,0.56,0.28,2.8,1.12,0.0,0.0,0.0,0.0,174.0,0.54,0.54,0.0,0.0,0.54,0.0,0.0,0.0,0.54,100.0,3.0,3.0,8.0,0.0
Jaylon Tyson,Cleveland Cavaliers,CLE @ MIN,CLE @ MIN,5600.0,29.0,236.5,-2.5,2026-01-09,327.0,10.56,684.0,27.92,5.85,9.21,63.49,4.82,9.21,52.38,52.38,1.75,7.02,4.68,14.47,0.0,60.0,66.67,100.0,50.0,0.59,71.03,72.9,1.17,0.88,9.52,0.0,0.0,18.23,327.0,3.65,8.92,2.05,1.61,1.17,0.73,0.15,0.44,1.17,327.0,4.6,5.83,0.0,0.0,3.21,12.79,2.62,10.84,11.83,3.36,0.15,6.25,1.02,5.07,2.19,8.2,6.85,6.85,16.9,17.86,9.35,18.52,1.75,10.0,0.0,9.63,4.17,2.0,4.26,327.0,1.9,1.17,0.73,61.54,0.15,0.0,1.02,0.15,0.29,0.0,0.0,0.0,327.0,0.73,0.58,0.15,0.15,0.29,0.15,0.0,0.15,0.0,0.0,1.6,1.0,10.0,0.0
Terrence Shannon Jr.,Minnesota Timberwolves,CLE @ MIN,CLE @ MIN,3700.0,0.0,236.5,-2.5,2026-01-09,164.0,-10.45,343.0,17.49,2.33,8.45,27.59,2.92,5.54,52.63,52.63,4.08,2.33,2.33,7.0,1.75,50.0,50.0,80.0,39.58,0.57,47.92,52.63,0.0,2.04,24.14,0.0,0.0,15.96,164.0,1.75,3.79,1.46,0.29,1.17,0.29,0.0,0.29,0.0,164.0,2.47,4.07,0.29,25.0,1.16,5.0,2.62,12.33,8.5,0.87,0.0,0.0,0.0,0.0,0.87,4.41,1.83,7.14,2.33,11.11,14.55,5.56,0.0,0.0,0.0,7.5,0.0,0.0,0.0,164.0,2.04,1.17,0.87,57.14,0.29,0.29,0.87,0.29,0.0,0.0,0.0,0.0,164.0,0.29,0.29,0.0,0.29,0.0,0.0,0.0,0.0,0.0,0.0,1.45,0.0,5.0,0.0
Nae'Qwan Tomlin,Cleveland Cavaliers,CLE @ MIN,CLE @ MIN,3700.0,5.17,236.5,-2.5,2026-01-09,236.0,5.42,480.0,19.79,5.21,9.38,55.56,1.67,6.04,27.59,27.59,4.38,7.08,3.33,5.0,0.0,68.0,94.44,100.0,39.19,0.64,50.0,53.98,2.92,1.25,13.33,0.0,0.0,16.76,236.0,1.88,4.17,1.46,0.42,1.25,0.21,0.0,0.0,0.42,236.0,4.32,4.67,0.0,0.0,3.45,15.74,1.22,4.62,9.66,3.96,0.0,0.0,1.67,8.6,2.29,8.15,8.33,21.62,11.32,16.67,6.12,0.0,19.44,2.27,0.0,9.52,3.33,5.0,14.29,236.0,0.83,0.42,0.42,50.0,0.21,0.0,0.21,0.21,0.0,0.0,0.0,0.0,236.0,2.23,2.23,0.0,0.81,1.42,0.0,0.0,0.0,1.22,54.55,1.42,1.0,6.0,0.0
Jesse Edwards,Minnesota Timberwolves,CLE @ MIN,CLE @ MIN,,1.64,236.5,-2.5,2026-01-09,,,,,,,,,,,,,,,,,,,,,,,,,,,,,,,,,,,,,,,,,,,,,,,,,,,,,,,,,,,,,,,,,,,,,,,,,,,,,,,,,,,,,,,,,,,,,,,,,
Tyrese Proctor,Cleveland Cavaliers,CLE @ MIN,CLE @ MIN,3500.0,4.74,236.5,-2.5,2026-01-09,154.0,-6.77,312.0,23.72,4.49,8.65,51.85,3.53,15.38,22.92,22.92,4.17,3.21,5.77,8.65,1.92,35.71,35.71,81.82,64.0,0.53,40.67,44.58,0.0,1.6,18.52,0.0,0.0,24.37,154.0,5.77,14.42,2.88,2.88,2.24,0.64,0.0,1.28,1.6,154.0,2.8,4.82,0.0,0.0,1.51,6.02,3.31,14.86,10.19,0.64,0.0,0.0,0.64,2.99,0.0,0.0,1.21,10.34,6.06,0.0,11.86,26.67,0.0,6.67,0.0,0.0,0.0,1.0,2.33,154.0,1.28,0.0,1.28,0.0,0.0,0.32,0.0,0.0,0.32,0.0,0.0,0.0,154.0,0.0,0.0,0.0,0.0,0.0,0.0,0.0,0.0,0.0,0.0,0.9,1.0,2.0,0.0
Joan Beringer,Minnesota Timberwolves,CLE @ MIN,CLE @ MIN,3500.0,3.01,236.5,-2.5,2026-01-09,11.0,9.55,19.0,10.53,5.26,5.26,100.0,0.0,0.0,0.0,0.0,0.0,10.53,0.0,0.0,0.0,100.0,100.0,0.0,0.0,0.83,100.0,100.0,0.0,0.0,0.0,0.0,0.0,4.55,11.0,0.0,0.0,0.0,0.0,0.0,0.0,0.0,0.0,0.0,11.0,6.52,7.41,3.7,50.0,0.0,0.0,3.7,14.29,12.5,5.26,0.0,0.0,0.0,0.0,5.26,12.5,9.09,0.0,0.0,0.0,16.67,0.0,0.0,0.0,0.0,0.0,25.0,0.0,0.0,11.0,0.0,0.0,0.0,0.0,0.0,0.0,0.0,0.0,0.0,0.0,0.0,0.0,11.0,0.0,0.0,0.0,0.0,0.0,0.0,0.0,0.0,0.0,0.0,0.0,0.0,0.0,0.0
