FD_ID,FD_POS,FD_GAME,PLAYER_FULL,PLAYER,NAME_KEY,team,TEAM,OPPONENT,gameInfo,game_abbr,salary,SAL,minutes,WOWY_USG,USG,TEAM_IMPLIED_PTS,TEAM_MODEL_PTS_SUM,TEAM_PTS_SCALE,WOWY_PPM,BASE_PPM,poss_per_min,pace_scale_raw,pace_scale,poss_exp,WOWY_MINS_SAMPLE,BASE_PTS100,WOWY_PTS100,PTS100,BASE_REB100,WOWY_REB100,REB100,BASE_AST100,WOWY_AST100,AST100,BASE_STL100,WOWY_STL100,STL100,BASE_BLK100,WOWY_BLK100,BLK100,BASE_TOV100,WOWY_TOV100,TOV100,PTS,REB,AST,STL,BLK,TOV,OPP_DEF_RTG,DEF_MULT_MEAN,DEF_MULT_RAW,fd_mean,fd_sd,fd_var,value,own_pct
125062-157808,PG,MIA@DET,Cade Cunningham,C. Cunningham,cade cunningham,Detroit Pistons,DET,MIA,MIA @ DET,MIA @ DET,10500.0,$10500,37.0,0.34130000000000005,0.24934801010739105,120.5,133.33523614204162,0.92491494011285,2.060052219321149,2.127659574468085,2.1091159243752333,1.037280701754386,1.037280701754386,80.94657410633982,383.0,34.9,41.32,39.35531703344319,8.2,7.739999999999999,8.001973778043107,12.7,12.8,12.743049178686281,2.0,1.65,1.9462546080399137,1.0,0.63,0.9431834427850515,5.2,4.82,5.062513094880294,29.062155899853586,6.477323634213545,9.880323648421715,1.5754264285950823,0.763474684472729,4.014328220243262,112.5,0.986334321073732,0.9736447620707689,54.65780485250257,10.423994231877373,107.26999318949694,5.205505224047864,29.640934337566918
125062-67026,SG/SF,BOS@SAC,Jaylen Brown,J. Brown,jaylen brown,Boston Celtics,BOS,SAC,BOS @ SAC,BOS @ SAC,9700.0,$9700,34.0,0.3605,0.2821542750929368,119.5,120.12915040689965,0.9959149189374976,2.0294117647058822,2.0491803278688527,2.038780535661633,1.006578947368421,1.006578947368421,69.7745812270514,952.0,42.6,43.69,43.547707780005865,9.1,9.41,9.313729621298732,7.2,7.3,7.2689450391286226,1.7,1.77,1.724332638281722,0.7,0.68,0.6930478176337938,5.3,5.43,5.381220849823211,31.12141246133201,6.4986158398810305,5.1118801692975575,1.2031458773224384,0.4835712124571985,3.7943197203785366,119.4,1.0284294927662543,1.0548283074777762,47.85340327209595,9.486158501447683,87.57581549775013,4.9333405435150475,28.93297154532483
125062-15755,PF/C,PHI@DAL,Anthony Davis,A. Davis,anthony davis,Dallas Mavericks,DAL,PHI,PHI @ DAL,PHI @ DAL,10200.0,$10200,32.0,0.2837,0.23759626055488542,114.0,118.19434479316729,0.9723202582628165,2.076419213973799,2.1141649048625792,2.1029363531685017,1.0109649122807018,1.0109649122807018,68.03183570601259,458.0,32.4,32.81,32.6942027198869,17.2,17.61,17.38800520239932,4.4,4.42,4.409170985482894,2.0,2.08,2.0135136018136537,2.5,2.49,2.4983107997732934,2.8,2.94,2.854381864961358,21.436807399447527,11.829379131849226,2.949029753155842,1.3698302655040813,1.6996466987273362,1.9243521061677542,113.3,0.9912149206902563,0.9830573470454943,47.33968577392685,9.970168635522734,98.6390856313246,4.641145664110476,28.410192516038837
125062-145331,PG,PHI@DAL,Tyrese Maxey,T. Maxey,tyrese maxey,Philadelphia 76ers,PHI,DAL,PHI @ DAL,PHI @ DAL,10300.0,$10300,38.5,0.2843,0.2444652039235932,116.5,129.66498612499757,0.9208059979461298,2.08955223880597,2.0964360587002093,2.0935822883225432,1.0109649122807018,1.0109649122807018,81.48672202695758,737.0,37.0,36.17,36.32813326718908,5.2,4.93,5.041743597655184,8.5,7.99,8.201071240015349,2.1,2.5,2.2014700351043794,1.0,0.86,0.9644854877134672,3.1,2.99,3.043341496586857,26.985531112592614,4.108351590733211,6.395690587351751,1.793905768012271,0.7859276083634191,2.43087261383277,113.1,0.9899947707861252,0.980704200801813,46.817716417794394,9.761553707360347,94.27040810858256,4.545409360950912,28.414602631891924
125062-157908,PF/C,HOU@BKN,Alperen Sengun,A. Sengun,alperen sengun,Houston Rockets,HOU,BKN,HOU @ BKN,HOU @ BKN,10100.0,$10100,35.0,0.2839,0.243004,115.0,118.03602388156989,0.9799374923879127,2.013333333333333,2.0491803278688527,2.0351470387686073,0.9583333333333334,0.9583333333333334,68.26222359203038,675.0,31.1,33.11,32.696415195000725,12.9,12.59,12.72556957162301,9.3,9.12,9.198717815781103,2.1,2.34,2.156625316512476,1.4,1.44,1.4094375527520793,4.8,4.86,4.829465440778339,22.039644069694702,8.686756754340681,6.232984996636507,1.472160395600079,0.9621134136496654,3.2935684298759775,116.0,1.007686944396026,1.014824821335193,45.822482667731535,9.768731971044346,94.4695070436386,4.536879472052627,28.25189831542912
125062-49111,C,PHI@DAL,Joel Embiid,J. Embiid,joel embiid,Philadelphia 76ers,PHI,DAL,PHI @ DAL,PHI @ DAL,8500.0,$8500,33.0,0.3529,0.24463116089613035,116.5,129.66498612499757,0.9208059979461298,2.131868131868132,2.127659574468085,2.1285347365630694,1.0109649122807018,1.0109649122807018,71.01183979678504,273.0,38.3,39.86,39.254236506212635,11.4,11.43,11.41032899744968,5.3,4.47,5.014231070558848,1.2,1.04,1.1820932648474258,2.3,2.26,2.2955233162118565,4.3,4.12,4.249141901750482,25.410800090472595,8.102684547955075,3.4077295574325785,0.8394261754820399,1.6300933398062107,2.957717321978179,113.1,0.9899947707861252,0.980704200801813,44.696457108054126,9.557240532321607,90.3589095646398,5.258406718594603,27.462628590938944
125062-171779,C,MIA@DET,Jalen Duren,J. Duren,jalen duren,Detroit Pistons,DET,MIA,MIA @ DET,MIA @ DET,7300.0,$7300,29.5,0.2234,0.22065806451612904,120.5,133.33523614204162,0.92491494011285,2.0555555555555554,2.100840336134454,2.092047004270783,1.037280701754386,1.037280701754386,64.01617954844818,288.0,30.0,31.08,30.63842992944634,18.0,18.45,18.146343840786017,2.9,3.21,3.000814645874813,1.5,2.71,1.6254454714756104,1.5,0.85,1.4326119368106225,3.8,4.39,3.9566399379629043,17.892960292750818,11.616596054596343,1.8400442271589768,1.0405480914819467,0.9171034297011891,2.481215745788091,112.5,0.986334321073732,0.9736447620707689,37.98468071676621,8.687445800436196,75.44986656694884,5.203380920104961,27.24160225368856
125062-228113,PG/SG/SF,PHI@DAL,Cooper Flagg,C. Flagg,cooper flagg,Dallas Mavericks,DAL,PHI,PHI @ DAL,PHI @ DAL,8900.0,$8900,35.5,0.23929999999999998,0.22920849673202615,114.0,118.19434479316729,0.9723202582628165,2.0913242009132422,2.1367521367521367,2.114449372854648,1.0109649122807018,1.0109649122807018,75.88601142862444,1095.0,26.3,26.68,26.62400747385894,8.7,8.85,8.7987857676842,5.4,5.59,5.5251286390666525,1.6,1.68,1.6253152087257356,1.1,1.16,1.1189864065443018,3.0,3.14,3.082779018935005,19.47207880888149,6.677047573245012,4.122058438556146,1.233386885044783,0.8491541523549628,2.3182720424750847,113.3,0.9912149206902563,0.9830573470454943,37.596974624333875,8.775757212926026,76.70282008665825,4.224379171273469,25.365304493561812
125062-9646,SF/PF,HOU@BKN,Kevin Durant,K. Durant,kevin durant,Houston Rockets,HOU,BKN,HOU @ BKN,HOU @ BKN,9100.0,$9100,34.0,0.2559,0.2334508077123502,115.0,118.03602388156989,0.9799374923879127,2.043115438108484,2.05761316872428,2.0519065042642466,0.9583333333333334,0.9583333333333334,66.8579535972767,719.0,34.5,36.01,35.701513244606716,6.7,6.949999999999999,6.841223343698624,5.8,5.85,5.828244668739725,1.1,1.12,1.104751319970308,1.3,1.48,1.3427618797327714,4.2,4.29,4.244400721094179,23.570224004356565,4.573901928616088,3.8679353688438582,0.7386141248710505,0.8977431144736566,2.8350234571070714,116.0,1.007686944396026,1.014824821335193,36.93485763288871,8.458110405786478,71.1181066441992,4.058775564053704,26.84971407318008
125062-203730,PF/C,MIA@DET,Kel'el Ware,K. Ware,kel el ware,Miami Heat,MIA,DET,MIA @ DET,MIA @ DET,7100.0,$7100,27.5,0.1764,0.2091,116.0,119.4441450000943,0.9775088758007231,2.12,2.197802197802198,2.17933512918994,1.037280701754386,1.037280701754386,62.16601248451347,400.0,23.1,26.77,25.49009479494122,19.4,19.78,19.54578870981413,0.9,0.83,0.8731441850342395,1.8,1.39,1.7467103339195387,2.3,2.08,2.2714055450299964,1.9,1.3,1.7090397891943265,15.013724986980227,12.150837449539678,0.5305793346746818,1.0858601642527075,1.4120422546972788,1.0451285177615541,110.2,0.9723025971762247,0.9465835802684333,36.83917766752826,8.71649770733733,76.34303447205413,5.188616572891305,27.144848235865677
125062-16293,SG/SF,MIA@DET,Norman Powell,N. Powell,norman powell,Miami Heat,MIA,DET,MIA @ DET,MIA @ DET,7400.0,$7400,31.0,0.2834,0.2368394124847001,116.0,119.4441450000943,0.9775088758007231,2.133640552995392,2.2026431718061676,2.182944646683177,1.037280701754386,1.037280701754386,70.19411700507767,434.0,34.6,36.5,35.940713804574145,5.7,6.92,6.241869012827926,4.0,4.86,4.381973238550833,1.9,1.7,1.867816913199957,0.4,0.43,0.40482746302000644,2.8,3.35,3.006098864651597,23.97781299634124,4.381424838168121,3.0118147260531534,1.311097589492208,0.28416506306095085,2.0773402217333015,110.2,0.9723025971762247,0.9465835802684333,36.46169262714889,8.255583230283184,67.65246574850099,4.927255760425526,26.74487649996074
125062-80817,PF/C,MIA@DET,Bam Adebayo,B. Adebayo,bam adebayo,Miami Heat,MIA,DET,MIA @ DET,MIA @ DET,7600.0,$7600,32.0,0.2235,0.22088154613466335,116.0,119.4441450000943,0.9775088758007231,2.108910891089109,2.1645021645021645,2.1504437447255453,1.037280701754386,1.037280701754386,71.37964149159178,404.0,26.5,23.0,24.154759243226678,14.2,15.25,14.623873820240705,3.7,3.87,3.7686271899437336,1.5,1.51,1.5013976628798447,1.3,0.46,1.1825963180930519,2.8,3.76,3.123282788810582,16.386991588499075,10.438468705070562,2.6339974836241264,1.071692269126771,0.8441330121475848,2.194771568074364,110.2,0.9723025971762247,0.9465835802684333,36.41685453576864,8.54109736192989,72.92205637411587,4.791691386285348,26.49918772707572
125062-9714,SF/PF,BOS@SAC,DeMar DeRozan,D. DeRozan,demar derozan,Sacramento Kings,SAC,BOS,BOS @ SAC,BOS @ SAC,7000.0,$7000,33.0,0.24359999999999998,0.2264155339805825,110.0,105.33859258555391,1.0345162935446943,2.0625,2.127659574468085,2.1094413780389374,1.006578947368421,1.006578947368421,70.06953630078023,448.0,26.2,32.36,30.50938970467469,4.9,5.23,5.044211214977884,5.3,5.95,5.584052393138255,2.0,2.67,2.1052142397268976,0.4,0.53,0.4204147032305921,1.5,2.27,1.7833229155121129,22.042811928797136,3.5344554083669557,3.975656518775815,1.475113855914633,0.2945826330939772,1.2565341779833028,114.2,0.9967055952588462,0.9936465051420605,36.300198486043726,8.273835921892045,68.26352820134856,5.185742640863389,27.32561953265369
125062-49675,PG/SG,BOS@SAC,Derrick White,D. White,derrick white,Boston Celtics,BOS,SAC,BOS @ SAC,BOS @ SAC,8100.0,$8100,31.0,0.2443,0.23088693652253908,119.5,120.12915040689965,0.9959149189374976,2.0071868583162216,2.028397565922921,2.0185516307308893,1.006578947368421,1.006578947368421,62.986778845767155,974.0,27.0,27.93,27.779954843933957,6.3,6.359999999999999,6.338043784407118,7.6,7.57,7.580978107796441,2.0,2.0,2.0,2.2,2.21,2.2029371085552767,2.8,2.71,2.7491383725934506,17.921637776104074,3.9921296216324023,4.812676636808551,1.259735576915343,1.3875591246770496,1.749854210945681,119.4,1.0284294927662543,1.0548283074777762,36.12323817110728,8.980408838468906,80.26280340798455,4.459659033470035,25.729371937018367
125062-9642,PG,BOS@SAC,Russell Westbrook,R. Westbrook,russell westbrook,Sacramento Kings,SAC,BOS,BOS @ SAC,BOS @ SAC,7700.0,$7700,29.0,0.2547,0.22793907455012852,110.0,105.33859258555391,1.0345162935446943,2.0842696629213484,2.1459227467811157,2.131289656496116,1.006578947368421,1.006578947368421,62.214027670218854,356.0,23.4,25.61,24.83922923334877,10.8,11.61,11.11074577441404,11.3,9.57,10.636308407732978,2.3,1.86,2.2428148229770963,0.2,0.0,0.17400673771686195,5.4,4.58,5.139034393675537,15.93421471130714,6.912442450461623,6.723716099528063,1.3953454345587408,0.10825659995121364,3.2150291471787913,114.2,0.9967055952588462,0.9936465051420605,35.61049675750426,8.497063332524803,71.94853568383803,4.624739838636916,26.02276481376234
125062-110354,C,HOU@BKN,Nic Claxton,N. Claxton,nic claxton,Brooklyn Nets,BKN,HOU,HOU @ BKN,HOU @ BKN,6500.0,$6500,32.0,0.1777,0.21380241820768137,103.5,103.35480347616082,1.0010957718924083,1.9854368932038835,2.0491803278688527,2.04014428303309,0.9583333333333334,0.9583333333333334,62.56442467968143,206.0,21.9,19.8,20.854734296119275,12.5,13.96,12.86253695549117,6.9,5.87,6.644237627290477,1.3,0.23,1.221400001905193,2.1,2.33,2.1168953266932764,2.5,3.67,2.7323164398251287,12.873627081576423,8.047372245414461,4.13551050219091,0.764161884229602,1.324423382216711,1.7007816883059625,112.9,0.9887746208819942,0.9783510545581318,33.29871364039312,8.413604455547494,70.98217181422969,5.1228790215989415,27.17086255824308
125062-145335,PG/SG,BOS@SAC,Payton Pritchard,P. Pritchard,payton pritchard,Boston Celtics,BOS,SAC,BOS @ SAC,BOS @ SAC,6900.0,$6900,34.0,0.2066,0.21402725173210163,119.5,120.12915040689965,0.9959149189374976,2.02279792746114,2.0408163265306123,2.032950087342039,1.006578947368421,1.006578947368421,69.57504180495583,965.0,25.3,24.95,25.01195782128104,6.7,6.7,6.7,7.7,7.84,7.785090892553462,1.2,1.29,1.224398523722644,0.1,0.1,0.1,1.9,1.84,1.8677488588459061,17.75716718639539,4.661527800932041,5.4479940389332375,0.8518757847392916,0.06957504180495583,1.311965252296652,119.4,1.0284294927662543,1.0548283074777762,32.975378833249785,7.492302225632642,56.28240614584044,4.77904041061591,26.546594364470227
125062-188405,PG/SG,HOU@BKN,Amen Thompson,A. Thompson,amen thompson,Houston Rockets,HOU,BKN,HOU @ BKN,HOU @ BKN,8400.0,$8400,34.0,0.2022,0.21296612903225806,115.0,118.03602388156989,0.9799374923879127,2.0306122448979593,2.0491803278688527,2.042036699039787,0.9583333333333334,0.9583333333333334,66.53636244371306,784.0,23.6,23.18,23.26838836284008,9.8,10.24,10.044495326428938,7.1,7.1,7.1,1.7,1.79,1.720776714351099,0.7,0.64,0.6861488570992673,3.5,3.52,3.509679758724313,15.22074544900191,6.6832418160345775,4.677937421726893,1.1449422315076643,0.4565384904629633,2.3304305892181483,116.0,1.007686944396026,1.014824821335193,32.73155333752748,8.120057111651477,66.13986560093275,3.896613492562795,24.494433582043612
125062-12341,SF/PF,PHI@DAL,Paul George,P. George,paul george,Philadelphia 76ers,PHI,DAL,PHI @ DAL,PHI @ DAL,6800.0,$6800,31.0,0.237,0.22441517581739667,116.5,129.66498612499757,0.9208059979461298,2.0736342042755345,2.109704641350211,2.100149336813097,1.0109649122807018,1.0109649122807018,65.81849599209643,421.0,26.5,26.92,26.78718235583473,8.7,9.040000000000001,8.84241099115764,5.5,5.73,5.596336846959581,2.2,2.17,2.1955759177312055,0.7,0.69,0.6985253059104019,3.1,3.21,3.1385972826140267,16.07222591902723,5.819941923819785,3.5251841928289815,1.4450950474153479,0.45975885047441717,2.024921603854309,113.1,0.9899947707861252,0.980704200801813,32.03357260666943,8.195567518776901,67.03703238040542,4.710819500980799,26.288737936556785
125062-228133,SG/SF,PHI@DAL,VJ Edgecombe,V. Edgecombe,vj edgecombe,Philadelphia 76ers,PHI,DAL,PHI @ DAL,PHI @ DAL,6700.0,$6700,34.0,0.2118,0.21726059933407324,116.5,129.66498612499757,0.9208059979461298,2.043189368770764,2.079002079002079,2.0671723990382795,1.0109649122807018,1.0109649122807018,71.05451794413595,602.0,21.7,23.9,23.344376054991567,7.4,8.0,7.6979618759349115,5.4,5.77,5.583743156826529,1.8,2.09,1.8555165399785025,0.6,0.64,0.6076574537901382,2.3,2.2,2.257475289454976,15.094919605845991,5.469749702468916,3.793481664094881,1.3184283328554358,0.4317680745421934,1.5716413135701117,113.1,0.9899947707861252,0.980704200801813,31.02778965357379,7.946616987457836,63.22490585515449,4.631013381130416,26.229989236498792
125062-228166,C,BOS@SAC,Maxime Raynaud,M. Raynaud,maxime raynaud,Sacramento Kings,SAC,BOS,BOS @ SAC,BOS @ SAC,6000.0,$6000,30.0,0.1924,0.21474817813765182,110.0,105.33859258555391,1.0345162935446943,2.024822695035461,2.11864406779661,2.101258173313912,1.006578947368421,1.006578947368421,63.45246720730827,282.0,22.6,23.47,23.102096513640074,13.3,13.66,13.412563183484172,2.2,1.58,2.0061411839994827,0.9,1.18,0.9275612728861409,1.3,1.18,1.2881880259059397,2.3,2.8,2.4271960918406874,15.081785107825905,8.510602255659796,1.2918649884951396,0.5885605125057697,0.8173870847064382,1.5478568644763633,114.2,0.9967055952588462,0.9936465051420605,29.90229122452063,7.515177951665806,56.608635401808066,4.983715204086772,26.824287062976044
125062-110352,SF/PF,PHI@DAL,P.J. Washington,P. Washington,p j washington,Dallas Mavericks,DAL,PHI,PHI @ DAL,PHI @ DAL,7300.0,$7300,29.0,0.2163,0.2184501210653753,114.0,118.19434479316729,0.9723202582628165,2.1121387283236994,2.1598272138228944,2.139961872280209,1.0109649122807018,1.0109649122807018,62.73936462832043,865.0,22.3,23.37,23.167498725248016,11.2,11.5,11.376440113721785,2.8,2.85,2.8294066856202975,1.5,1.4,1.474476057858684,2.1,2.1,2.1,3.4,3.56,3.482741865641496,14.000738927837617,7.137506244670422,1.7446588705740362,0.9250769102972446,1.317526657194729,2.16501208133462,113.3,0.9912149206902563,0.9830573470454943,29.74553334844448,8.220095320052552,67.61606976727056,4.074730595677326,24.72223468709778
125062-49116,SF/PF,MIA@DET,Andrew Wiggins,A. Wiggins,andrew wiggins,Miami Heat,MIA,DET,MIA @ DET,MIA @ DET,6600.0,$6600,32.5,0.16920000000000002,0.2050799293702178,116.0,119.4441450000943,0.9775088758007231,2.1543086172344688,2.197802197802198,2.1858664005059985,1.037280701754386,1.037280701754386,73.68910360039136,499.0,23.1,18.33,19.789017939663175,6.8,7.13,6.942120054726759,4.2,4.0,4.113866633498934,1.6,1.48,1.581561870044725,1.6,1.94,1.6522413682066133,2.3,2.6,2.4085917539961272,13.746481337950996,5.115586039191148,2.9550030818655606,1.1654387649215443,1.217521853546295,1.7437463921636784,110.2,0.9723025971762247,0.9465835802684333,29.72282467101855,8.265283230796399,68.76560053884414,4.503458283487659,25.888883715730287
125062-188422,SF/PF,MIA@DET,Jaime Jaquez Jr.,J. Jr.,jaime jaquez,Miami Heat,MIA,DET,MIA @ DET,MIA @ DET,6300.0,$6300,29.0,0.2253,0.2218054945054945,116.0,119.4441450000943,0.9775088758007231,2.1338709677419354,,2.1338709677419354,1.037280701754386,1.037280701754386,64.1892720713073,620.0,,25.62,25.62,,8.25,8.25,,6.73,6.73,,1.27,1.27,,0.3,0.3,,3.63,3.63,15.630171071655456,5.2956149458828525,4.2299509473114485,0.8152037553056026,0.1925678162139219,2.2938907541021267,110.2,0.9723025971762247,0.9465835802684333,29.0592593881385,7.369566606171175,54.267392430066664,4.612580855260079,25.99567416422476
125062-171767,SF/PF,HOU@BKN,Jabari Smith,J. Smith,jabari smith,Houston Rockets,HOU,BKN,HOU @ BKN,HOU @ BKN,6600.0,$6600,34.0,0.1834,0.20586547314578005,115.0,118.03602388156989,0.9799374923879127,2.033112582781457,,2.033112582781457,0.9583333333333334,0.9583333333333334,66.24558498896248,755.0,,23.84,23.84,,9.92,9.92,,2.8,2.8,,1.13,1.13,,0.86,0.86,,2.02,2.02,15.457297220147641,6.571562030905078,1.8322640325601822,0.7485751103752759,0.5697120309050773,1.333936935033177,116.0,1.007686944396026,1.014824821335193,28.712492194881893,7.30604435007828,53.71180871549728,4.350377605285136,25.598982054594646
125062-188426,SG/SF,MIA@DET,Ausar Thompson,A. Thompson,ausar thompson,Detroit Pistons,DET,MIA,MIA @ DET,MIA @ DET,5800.0,$5800,27.0,0.1754,0.2135740370898716,120.5,133.33523614204162,0.92491494011285,1.9801980198019802,2.0876826722338206,2.072719238462811,1.037280701754386,1.037280701754386,58.04977498773807,202.0,21.0,22.25,21.615604125566918,10.6,8.469999999999999,10.079418340937558,4.8,5.5,4.971083174339769,2.8,4.23,2.9030142748282115,1.3,1.99,1.3497061885534727,2.8,1.5,2.546197987927011,11.427901524813844,5.8510796669870535,2.7615378932929087,1.6851932543996928,0.7835014054508666,1.447302222947762,112.5,0.986334321073732,0.9736447620707689,28.55028572174159,8.224614349578092,67.83594658540228,4.922463055472688,26.709316539536182
125062-203713,PG/SG,HOU@BKN,Reed Sheppard,R. Sheppard,reed sheppard,Houston Rockets,HOU,BKN,HOU @ BKN,HOU @ BKN,6100.0,$6100,28.0,0.2018,0.2146018757327081,115.0,118.03602388156989,0.9799374923879127,2.067193675889328,2.0833333333333335,2.0786584605499305,0.9583333333333334,0.9583333333333334,55.7773353580898,506.0,25.0,24.86,24.900620260788433,5.4,5.640000000000001,5.507806369469661,6.5,6.5,6.5,3.0,2.79,2.9656257438378395,1.1,1.49,1.163837904301155,2.2,2.49,2.3100589561790508,13.691741724013772,3.072107629573323,3.595475610088569,1.6541470166062768,0.6491577709066194,1.2867223107272807,116.0,1.007686944396026,1.014824821335193,28.394676346446015,8.072595987596259,65.32186469027576,4.654864974827216,26.050643655922375
125062-157812,PG,MIA@DET,Davion Mitchell,D. Mitchell,davion mitchell,Miami Heat,MIA,DET,MIA @ DET,MIA @ DET,5400.0,$5400,30.0,0.1592,0.20552380952380953,116.0,119.4441450000943,0.9775088758007231,2.128,2.1691973969631237,2.1600586193654574,1.037280701754386,1.037280701754386,67.21761361578035,375.0,14.3,18.55,16.981958597696963,3.9,3.85,3.881844513061616,11.4,11.28,11.356426831347878,1.9,1.86,1.8951855286055768,0.1,0.37,0.13249768191235625,2.4,2.38,2.3940095568573247,10.783643868714902,2.609283245955127,7.449711654201802,1.2738984859202809,0.08906177987771331,1.5818206549793348,110.2,0.9723025971762247,0.9465835802684333,27.596411387578403,7.537685237497232,57.18033025113939,5.11044655325526,27.437779199575463
125062-188431,PF,HOU@BKN,Noah Clowney,N. Clowney,noah clowney,Brooklyn Nets,BKN,HOU,HOU @ BKN,HOU @ BKN,5400.0,$5400,33.0,0.23420000000000002,0.22272525252525252,103.5,103.35480347616082,1.0010957718924083,1.9684210526315788,2.0491803278688527,2.0334718416760067,0.9583333333333334,0.9583333333333334,64.30854699300372,285.0,22.8,27.63,25.657671400536334,6.9,6.58,6.795784550046763,3.3,3.21,3.2706894047006516,1.2,1.03,1.182341958331161,1.4,1.03,1.3615677916619384,3.2,4.1,3.4393140094097596,16.332733425758473,4.370270300910109,2.096216943764129,0.7603469338913951,0.8756044631425206,2.2023242136436174,112.9,0.9887746208819942,0.9783510545581318,27.426913179954923,7.591740301951737,57.56547272144164,5.079057996287949,27.479667425583656
125062-157811,C,BOS@SAC,Neemias Queta,N. Queta,neemias queta,Boston Celtics,BOS,SAC,BOS @ SAC,BOS @ SAC,5200.0,$5200,24.5,0.14730000000000001,0.1933126582278481,119.5,120.12915040689965,0.9959149189374976,1.9698275862068966,2.0120724346076457,1.9982353238291604,1.006578947368421,1.006578947368421,49.27884941693163,696.0,20.2,19.91,19.9839317434104,15.5,16.09,15.791141589159361,3.1,3.28,3.188822857709636,1.6,1.6,1.6,2.5,2.69,2.5360045842055174,1.7,1.75,1.7211088579793914,10.051398545497593,7.781692884936305,1.580782704123078,0.788461590670906,1.24971388025712,0.856342146412856,119.4,1.0284294927662543,1.0548283074777762,27.018788329976996,7.655418721040541,59.29971443231125,5.195920832687883,27.535708314603106
125062-163978,PG,PHI@DAL,Brandon Williams,B. Williams,brandon williams,Dallas Mavericks,DAL,PHI,PHI @ DAL,PHI @ DAL,5300.0,$5300,26.0,0.24280000000000002,0.22777528830313015,114.0,118.19434479316729,0.9723202582628165,2.130434782608696,2.1739130434782608,2.158624539688991,1.0109649122807018,1.0109649122807018,56.739635378754926,621.0,23.7,24.64,24.419034361716513,5.2,5.369999999999999,5.28845290902994,8.1,8.01,8.053171989337091,2.5,2.57,2.514458744458956,0.5,0.45,0.48967232538646,3.8,3.85,3.822429214101507,13.353410248714722,3.0006488977607457,4.492246081579733,1.426694723355231,0.2778382919749478,2.149246700082953,113.3,0.9912149206902563,0.9830573470454943,26.656910394304802,7.696148989349124,59.02859224494465,5.029605734774491,27.194510588715016
125062-145307,PF/C,MIA@DET,Isaiah Stewart,I. Stewart,isaiah stewart,Detroit Pistons,DET,MIA,MIA @ DET,MIA @ DET,4700.0,$4700,24.5,0.1852,0.21417987508674532,120.5,133.33523614204162,0.92491494011285,2.037344398340249,2.11864406779661,2.10545202334918,1.037280701754386,1.037280701754386,53.50664643110082,241.0,21.0,24.64,22.956501851376597,12.0,11.96,11.988831152360419,2.3,2.24,2.283246728540627,0.4,0.4,0.4,4.0,3.24,3.9353510164682213,2.5,1.83,2.3491620645307183,11.197218080627707,6.4148214959151595,1.1697117724898884,0.21402658572440328,2.105674354204383,1.2310811147320266,112.5,0.986334321073732,0.9736447620707689,26.37759323951506,7.8643556988065955,62.00677926592649,5.612253880747885,28.614064487321087
125062-171787,SF/PF,BOS@SAC,Keegan Murray,K. Murray,keegan murray,Sacramento Kings,SAC,BOS,BOS @ SAC,BOS @ SAC,5900.0,$5900,30.0,0.1814,0.2128246947082768,110.0,105.33859258555391,1.0345162935446943,2.0036496350364965,2.079002079002079,2.0654982124315096,1.006578947368421,1.006578947368421,62.37261049381992,274.0,19.3,18.76,18.99376367633302,8.0,6.03,7.401221658124133,1.9,2.0,1.9303948396891302,1.8,1.75,1.7952569772821594,2.1,2.1,2.1,1.4,1.82,1.5036173249748264,12.178921270422867,4.616335156606005,1.2213931532527953,1.1197486418033264,1.3098248203702183,0.942370297900651,114.2,0.9967055952588462,0.9936465051420605,25.89696327684925,7.84096780670744,61.675339791096455,4.389315809635465,25.585953100299093
125062-145819,SF/PF,PHI@DAL,Naji Marshall,N. Marshall,naji marshall,Dallas Mavericks,DAL,PHI,PHI @ DAL,PHI @ DAL,5600.0,$5600,29.75,0.1704,0.1983305490380103,114.0,118.19434479316729,0.9723202582628165,2.111707841031149,2.1598272138228944,2.140444620330187,1.0109649122807018,1.0109649122807018,64.37645363305577,931.0,21.8,21.97,21.936316116307317,7.7,7.9399999999999995,7.837827761006162,4.2,4.32,4.2689138805030815,1.7,1.7,1.7,0.1,0.15,0.11222862925182951,2.0,2.03,2.015087469391736,13.4912602265393,5.045715554402905,2.6888102206441196,1.0943997117619482,0.07224881147331809,1.2827160166185916,113.3,0.9912149206902563,0.9830573470454943,25.796563775876173,6.9580334887818385,48.879160366922065,4.606529245692174,26.251571424638648
125062-171769,SF/PF,HOU@BKN,Tari Eason,T. Eason,tari eason,Houston Rockets,HOU,BKN,HOU @ BKN,HOU @ BKN,5100.0,$5100,25.5,,0.22,115.0,118.03602388156989,0.9799374923879127,,2.079002079002079,2.079002079002079,0.9583333333333334,0.9583333333333334,50.805613305613306,,24.2,,24.2,10.8,,10.8,3.2,,3.2,2.2,,2.2,1.3,,1.3,3.2,,3.2,12.140905263923084,5.487006237006238,1.6138011876978178,1.117723492723493,0.660472972972973,1.6242350354513615,116.0,1.007686944396026,1.014824821335193,24.85636889151533,7.414244570561662,54.971022552103086,4.873797821865751,26.97102291977622
125062-40201,PG/SG,BOS@SAC,Dennis Schroder,D. Schroder,dennis schroder,Sacramento Kings,SAC,BOS,BOS @ SAC,BOS @ SAC,5500.0,$5500,22.0,0.26030000000000003,0.22782182672934856,110.0,105.33859258555391,1.0345162935446943,2.0519031141868513,2.109704641350211,2.0980533599596773,1.006578947368421,1.006578947368421,46.460839537001796,289.0,21.9,30.35,26.989871459451383,5.9,7.369999999999999,6.393209245261674,10.0,11.47,10.493209245261674,1.4,0.84,1.3394725303758754,0.3,0.33,0.30324254301557807,3.5,4.22,3.6977674682886335,12.929808740950559,2.9703386887057897,4.9536522373756275,0.6223301829801531,0.14088903131839137,1.7275941420358458,114.2,0.9967055952588462,0.9936465051420605,24.486757024320735,6.721718030348162,45.02639693215993,4.452137640785588,25.642693834723584
125062-171792,PF,MIA@DET,Nikola Jovic,N. Jovic,nikola jovic,Miami Heat,MIA,DET,MIA @ DET,MIA @ DET,4600.0,$4600,24.0,0.1931,0.2151040899795501,116.0,119.4441450000943,0.9775088758007231,2.198501872659176,2.262443438914027,2.251092249278834,1.037280701754386,1.037280701754386,56.04034915309939,267.0,19.8,17.38,18.43444351542567,9.0,7.61,8.580885215147106,7.0,7.67,7.202019356727654,1.4,0.51,1.316448722643063,0.7,0.84,0.7131428975617653,4.1,3.07,3.8480852750067895,9.813670611998068,4.808758034995122,3.9508550684442914,0.7377424605906895,0.39964776975414323,2.1227253198278833,110.2,0.9723025971762247,0.9465835802684333,22.799908227865266,6.925106273761338,48.06057325221868,4.956501788666363,27.390151521423572
125062-157838,SG,HOU@BKN,Cam Thomas,C. Thomas,cam thomas,Brooklyn Nets,BKN,HOU,HOU @ BKN,HOU @ BKN,5700.0,$5700,22.0,0.37549999999999994,0.23218202764976958,103.5,103.35480347616082,1.0010957718924083,1.9803921568627452,2.0876826722338206,2.0786962178306743,0.9583333333333334,0.9583333333333334,43.82584525926338,102.0,38.7,46.53,41.47345879094315,2.5,2.96,2.5711021113376775,4.9,5.45,4.985013393990702,0.7,1.48,0.7327870645009961,0.2,0.0,0.19159306038435997,3.3,3.47,3.3204998134797017,17.991753607326853,1.1268072327725043,2.177333007811867,0.3211501249681051,0.08396727817153665,1.4490203643609316,112.9,0.9887746208819942,0.9783510545581318,22.37625364342965,5.935732178407239,35.044821307055024,3.9256585339350263,24.203294465937514
,,,Colby Jones,C. Jones,colby jones,Detroit Pistons,DET,MIA,MIA @ DET,MIA @ DET,,,15.38,,0.22,120.5,133.33523614204162,0.92491494011285,,2.2026431718061676,2.2026431718061676,1.037280701754386,1.037280701754386,35.13959734137105,,13.3,,13.3,26.7,,26.7,13.3,,13.3,0.0,,0.0,0.0,,0.0,0.0,,0.0,4.263579463336637,9.382272490146072,4.476594538761579,0.0,0.0,0.0,112.5,0.986334321073732,0.9736447620707689,22.237198259654292,5.572038272062975,31.047610505334543,0.0,13.07221448089052
125062-188427,PG,MIA@DET,Marcus Sasser,M. Sasser,marcus sasser,Detroit Pistons,DET,MIA,MIA @ DET,MIA @ DET,3900.0,$3900,18.0,0.1389,0.21821540342298287,120.5,133.33523614204162,0.92491494011285,2.3333333333333335,2.2222222222222223,2.2246410552215843,1.037280701754386,1.037280701754386,41.53639022841353,27.0,27.4,26.98,27.35052598921938,5.3,1.56,5.140633491216884,12.6,12.7,12.60426113659848,2.1,3.13,2.110886071146374,0.0,0.0,0.0,2.1,1.59,2.0835256539132017,10.363832224797868,2.1352335871243633,5.014706066148493,0.8767858757885847,0.0,0.84776571519636,112.5,0.986334321073732,0.9736447620707689,22.23076354073924,6.4555005620836,41.70622974804705,5.700195779676728,29.0474217745832
125062-228111,SF/PF,HOU@BKN,Danny Wolf,D. Wolf,danny wolf,Brooklyn Nets,BKN,HOU,HOU @ BKN,HOU @ BKN,4000.0,$4000,27.5,0.2238,0.22050281995661605,103.5,103.35480347616082,1.0010957718924083,2.0273224043715845,2.070393374741201,2.064678921276576,0.9583333333333334,0.9583333333333334,54.41289240447644,183.0,19.9,23.99,21.857375078766133,10.0,9.56,9.896921689848268,4.7,2.96,4.292372137127241,1.0,1.06,1.0041042019537212,0.5,0.0,0.4657983170523236,3.8,4.04,3.8447917265879012,11.772609943530457,5.385201350452429,2.327702136045809,0.5463621390379051,0.2534543370795429,2.0831251339650767,112.9,0.9887746208819942,0.9783510545581318,22.04272906252935,6.479372267225208,41.972978329166516,5.5106822656323375,28.947199862741584
125062-157826,SG/SF,PHI@DAL,Quentin Grimes,Q. Grimes,quentin grimes,Philadelphia 76ers,PHI,DAL,PHI @ DAL,PHI @ DAL,5500.0,$5500,26.5,0.17989999999999998,0.20577096774193548,116.5,129.66498612499757,0.9208059979461298,2.074242424242424,2.109704641350211,2.097844119390119,1.0109649122807018,1.0109649122807018,56.20244009765217,660.0,21.7,21.11,21.256942706396988,5.6,5.3100000000000005,5.454634307473493,6.3,5.99,6.144609087299251,1.4,1.63,1.444697490748535,0.6,0.44,0.5689060933923233,3.4,2.78,3.133519568471357,10.854410741357286,3.0656375792037744,3.2989985440036826,0.8119552418302294,0.3197391063507136,1.7248447517463235,113.1,0.9899947707861252,0.980704200801813,21.151911945203842,6.631817853288667,44.25766156948173,3.845802171855244,24.321290549921294
125062-84717,PG/SG,BOS@SAC,Anfernee Simons,A. Simons,anfernee simons,Boston Celtics,BOS,SAC,BOS @ SAC,BOS @ SAC,4500.0,$4500,24.0,0.2266,0.2223872340425532,119.5,120.12915040689965,0.9959149189374976,2.0205882352941176,2.044989775051125,2.0360814391444726,1.006578947368421,1.006578947368421,49.187441082490146,680.0,27.0,27.58,27.449660014056313,4.6,4.8,4.7069753126262315,4.7,4.73,4.716046296893935,1.1,0.96,1.0697185511336187,0.3,0.3,0.3,2.0,1.97,1.986107597158125,13.828910314066569,2.315240708665384,2.337999049699271,0.5261671820873159,0.14756232324747043,0.9872175568197845,119.4,1.0284294927662543,1.0548283074777762,21.148168698198507,6.023361199060164,36.24280131602933,4.6995930440441125,26.893728918031083
125062-85137,SG/SF,MIA@DET,Duncan Robinson,D. Robinson,duncan robinson,Detroit Pistons,DET,MIA,MIA @ DET,MIA @ DET,4200.0,$4200,29.0,0.13140000000000002,0.1996413350449294,120.5,133.33523614204162,0.92491494011285,2.0921787709497206,2.1321961620469083,2.1238963338974624,1.037280701754386,1.037280701754386,63.88922371068309,358.0,18.3,18.42,18.37330876488964,4.5,4.5200000000000005,4.50687111409047,3.1,4.27,3.5019601742924498,1.2,1.24,1.2044635880198369,0.5,0.41,0.48995692695536674,0.9,0.8,0.8718123118996933,10.629317546782515,2.8794049684334153,2.1343300942564483,0.769522436263714,0.3130296771485024,0.5446182952971039,112.5,0.986334321073732,0.9736447620707689,19.989136695226833,6.195496409409782,38.73033791332912,4.759318260768294,27.397556068698634
125062-161553,SG,MIA@DET,Dru Smith,D. Smith,dru smith,Miami Heat,MIA,DET,MIA @ DET,MIA @ DET,4400.0,$4400,18.0,0.15960000000000002,0.20498509705698184,116.0,119.4441450000943,0.9775088758007231,2.158690176322418,2.2522522522522523,2.2306211109785528,1.037280701754386,1.037280701754386,41.64804416419166,397.0,16.4,17.74,17.262166804825032,6.6,6.25,6.468553034118009,7.0,7.58,7.217826400604443,4.0,4.03,4.003784154324931,0.8,0.46,0.7571129176507846,2.4,1.98,2.2694392961454213,6.833010302058938,2.694025824433628,2.943464890514606,1.6674977928321548,0.3153227223159988,0.9305009847056251,110.2,0.9723025971762247,0.9465835802684333,19.498999187890036,7.062555619096171,50.21086494554194,4.431590724520462,26.084796899534442
125062-145314,PF/C,BOS@SAC,Precious Achiuwa,P. Achiuwa,precious achiuwa,Sacramento Kings,SAC,BOS,BOS @ SAC,BOS @ SAC,4300.0,$4300,20.0,0.1661,0.21031052631578948,110.0,105.33859258555391,1.0345162935446943,2.0950570342205324,2.1231422505307855,2.118340369103943,1.006578947368421,1.006578947368421,42.64553637801359,263.0,16.9,17.97,17.491770833955496,12.7,12.25,12.568590006977614,2.6,3.09,2.743090881291043,1.8,2.27,1.8423360315484771,1.0,1.05,1.004503833143455,1.0,0.91,0.9787361197372193,7.691509689092884,5.359942623629019,1.1886223869606491,0.7856740825392576,0.42837604758173303,0.41971478633229975,114.2,0.9967055952588462,0.9936465051420605,19.12881002191935,6.224090287162685,38.90498941877235,4.448560470213803,26.270313329226518
125062-188457,SG/SF,BOS@SAC,Jordan Walsh,J. Walsh,jordan walsh,Boston Celtics,BOS,SAC,BOS @ SAC,BOS @ SAC,4100.0,$4100,20.0,0.11720000000000001,0.1909799043062201,119.5,120.12915040689965,0.9959149189374976,1.9703389830508475,2.0080321285140563,1.9987876019083872,1.006578947368421,1.006578947368421,40.2387504068399,472.0,17.3,17.85,17.66354233193199,11.6,12.22,11.844222017960501,2.4,2.47,2.4275734536407017,2.6,3.1,2.6674660022553165,1.4,1.39,1.3986506799548937,1.6,1.72,1.6393240863681728,7.279793325292882,4.765966935439102,0.9845298908725666,1.073354986834827,0.5627995561706188,0.666599791663369,119.4,1.0284294927662543,1.0548283074777762,18.71761232148162,6.561554415250337,43.60905595269971,4.565271297922347,26.666391250308
125062-14509,SG/SF,PHI@DAL,Klay Thompson,K. Thompson,klay thompson,Dallas Mavericks,DAL,PHI,PHI @ DAL,PHI @ DAL,4100.0,$4100,23.0,0.2165,0.21877272727272729,114.0,118.19434479316729,0.9723202582628165,2.1635802469135803,2.2222222222222223,2.2017601762785812,1.0109649122807018,1.0109649122807018,51.195752519916226,648.0,22.9,23.75,23.54836908755094,5.2,5.39,5.298295602871885,2.6,2.57,2.5844796416518077,0.9,0.72,0.8631696304713516,0.7,0.65,0.6897693417975976,1.7,1.78,1.735651787704057,11.618342343727923,2.712502304619894,1.3007738626061507,0.4419061878431886,0.35313260518495315,0.8805415772143357,113.3,0.9912149206902563,0.9830573470454943,18.329080705051112,5.78815909525212,33.520884545932155,4.470507489036857,26.567755796485457
125062-228124,SG/SF,BOS@SAC,Nique Clifford,N. Clifford,nique clifford,Sacramento Kings,SAC,BOS,BOS @ SAC,BOS @ SAC,4400.0,$4400,26.0,0.1542,0.2067,110.0,105.33859258555391,1.0345162935446943,2.0427631578947367,2.1367521367521367,2.118998487212287,1.006578947368421,1.006578947368421,55.45642093506893,304.0,14.5,14.49,14.494171398896444,7.5,7.38,7.461868841366283,3.5,3.54,3.5127103862112388,1.5,1.56,1.5060325945647475,0.7,0.78,0.7080434594196632,2.7,3.22,2.8346205070370387,8.265029990484056,4.138085394290837,1.9763413572979747,0.8351917750611664,0.39265556125899237,1.5796500690976194,114.2,0.9967055952588462,0.9936465051420605,18.299136439442876,6.389040872769037,41.05977353638256,4.158894645327926,25.76065224637782
125062-171753,SG/SF,HOU@BKN,Tyrese Martin,T. Martin,tyrese martin,Brooklyn Nets,BKN,HOU,HOU @ BKN,HOU @ BKN,3900.0,$3900,22.0,0.2188,0.21977826086956523,103.5,103.35480347616082,1.0010957718924083,1.9705882352941178,2.0533880903490758,2.0381050897996515,0.9583333333333334,0.9583333333333334,42.97004897660932,272.0,19.1,22.39,20.994838427834818,7.6,7.65,7.615581724711471,5.7,5.97,5.784141313441943,1.6,1.98,1.6372414020471566,0.3,0.0,0.2705988931206659,2.6,3.17,2.7444799828809185,8.92999721239571,3.2724191969622276,2.4770397123375925,0.7035234323249884,0.11627647690411283,1.1742664264781013,112.9,0.9887746208819942,0.9783510545581318,17.857593118465974,5.9219997951744405,35.07350344456844,4.578870030375891,26.899669699200597
125062-171780,PG/SG,MIA@DET,Jaden Ivey,J. Ivey,jaden ivey,Detroit Pistons,DET,MIA,MIA @ DET,MIA @ DET,4200.0,$4200,18.0,0.22399999999999998,0.2202411902897416,120.5,133.33523614204162,0.92491494011285,2.0779220779220777,2.1367521367521367,2.133199892953102,1.037280701754386,1.037280701754386,39.82908747500594,77.0,24.8,29.38,26.074500992400424,6.2,5.58,6.129390514213741,5.4,2.5,5.0697298245481415,2.0,2.47,2.014063628084986,0.8,0.62,0.7946139296695799,2.6,3.13,2.646596465677873,9.474194627309949,2.4412803095909075,1.934124876786924,0.8021831642322474,0.3164874771366792,1.0326100096779853,112.5,0.986334321073732,0.9736447620707689,17.628320228428215,6.109701672365458,37.32449340584911,4.197219102006718,25.62368795668818
125062-157843,SG/SF,HOU@BKN,Ziaire Williams,Z. Williams,ziaire williams,Brooklyn Nets,BKN,HOU,HOU @ BKN,HOU @ BKN,4000.0,$4000,24.0,0.16670000000000001,0.2089457067371202,103.5,103.35480347616082,1.0010957718924083,2.015923566878981,2.079002079002079,2.06662671760131,0.9583333333333334,0.9583333333333334,47.53241450483013,314.0,18.9,18.64,18.745500264253756,5.4,5.24,5.347516072226649,1.5,2.05,1.680413501720894,1.9,2.14,1.9251687494269993,1.0,0.92,0.9916104168576669,2.3,2.53,2.3616390118935193,8.809666645874533,2.541803505163182,0.795534704145547,0.9150791898950958,0.47133637361386016,1.1174267883108788,112.9,0.9887746208819942,0.9783510545581318,16.094952810504658,6.150497177040462,38.01328309160351,4.0237382026261646,25.569983473698695
125062-228107,SG/SF,HOU@BKN,Drake Powell,D. Powell,drake powell,Brooklyn Nets,BKN,HOU,HOU @ BKN,HOU @ BKN,3800.0,$3800,24.0,0.1537,0.21089626168224299,103.5,103.35480347616082,1.0010957718924083,1.9895287958115184,2.0491803278688527,2.041384362879902,0.9583333333333334,0.9583333333333334,46.951840346237745,191.0,16.1,16.05,16.076287566472033,4.7,4.08,4.556673753517272,5.1,5.79,5.259508242053359,2.0,1.53,1.9683661031381183,0.4,0.51,0.40740367798895105,2.9,2.89,2.898159868322221,7.464475281591521,2.1394421858503483,2.4597978202000275,0.9241841101748708,0.19128352445407282,1.3546051198795417,112.9,0.9887746208819942,0.9783510545581318,15.71330041891927,6.006969604648503,36.228657643508065,4.1350790576103345,25.973141964207418
125062-157839,C,HOU@BKN,Day'Ron Sharpe,D. Sharpe,day ron sharpe,Brooklyn Nets,BKN,HOU,HOU @ BKN,HOU @ BKN,4800.0,$4800,13.84,0.19010000000000002,0.21435963488843815,103.5,103.35480347616082,1.0010957718924083,2.021505376344086,2.066115702479339,2.057937161225058,0.9583333333333334,0.9583333333333334,27.29510654838169,279.0,21.0,20.39,20.64991345747478,16.6,17.28,16.810703821768822,6.5,4.96,6.022817815405905,2.7,2.59,2.6892999531160657,1.3,1.21,1.291245416185872,4.7,5.32,4.856182881833529,5.579251870858678,4.588499519684673,1.6383728639013264,0.7340472876086089,0.35244681214902834,1.3198377793143234,112.9,0.9887746208819942,0.9783510545581318,15.482655110290864,5.9527405688885064,35.523225726132935,3.2255531479772634,22.365487783149863
125062-158854,SF/PF,BOS@SAC,Sam Hauser,S. Hauser,sam hauser,Boston Celtics,BOS,SAC,BOS @ SAC,BOS @ SAC,3900.0,$3900,20.0,0.1424,0.1934246575342466,119.5,120.12915040689965,0.9959149189374976,2.0592,2.079002079002079,2.072973031821399,1.006578947368421,1.006578947368421,41.73222024587816,625.0,16.1,16.24,16.201394832562173,7.8,8.2,7.986721930372637,2.8,2.72,2.7626556139254723,1.2,1.19,1.1982636664787236,0.7,0.79,0.7156270016914872,1.3,1.24,1.2762184468935143,6.925014029817987,3.3330363864089607,1.1620111139978526,0.5000620324212359,0.2986470364848656,0.5382107608419343,119.4,1.0284294927662543,1.0548283074777762,14.525590810381889,5.317536635687977,28.6097561097703,3.7245104642004843,24.64798024754699
125062-213259,PF,MIA@DET,Tolu Smith,T. Smith,tolu smith,Detroit Pistons,DET,MIA,MIA @ DET,MIA @ DET,3500.0,$3500,8.51,0.0,0.21908713692946058,120.5,133.33523614204162,0.92491494011285,1.8,2.2026431718061676,2.2009817666572737,1.037280701754386,1.037280701754386,19.428635606583022,5.0,34.7,0.0,33.85828109084424,22.4,22.22,22.3985206552493,4.1,0.0,4.0663038140118735,2.0,0.0,1.996030285341629,2.0,0.0,1.996030285341629,2.0,0.0,1.9876467455189446,6.001131579577028,4.351726959373618,0.7567308957922471,0.38780145073606437,0.38780145073606437,0.37829425936026045,112.5,0.986334321073732,0.9736447620707689,14.306814719569868,5.2594008575202436,27.672411157759544,4.087661348448534,25.324152284100855
125062-203731,PG/SG,PHI@DAL,Jared McCain,J. McCain,jared mccain,Philadelphia 76ers,PHI,DAL,PHI @ DAL,PHI @ DAL,4100.0,$4100,15.0,0.1923,0.2132848484848485,116.5,129.66498612499757,0.9208059979461298,2.1223958333333335,2.150537634408602,2.143929331365491,1.0109649122807018,1.0109649122807018,32.51155992629906,384.0,17.6,19.63,18.915540509156163,6.4,6.53,6.449443270309517,4.5,4.54,4.5152133139413895,2.3,2.59,2.337233668544364,0.0,0.0,0.0,2.3,1.96,2.1928245362703036,5.606058219245903,2.0968146137393404,1.404902202379397,0.7598711247664389,0.0,0.6988216562658349,113.1,0.9899947707861252,0.980704200801813,11.810380777335688,5.0282517565268945,25.358185367459246,2.8805806773989486,21.798305564143877
125062-80816,PG/SG,BOS@SAC,Malik Monk,M. Monk,malik monk,Sacramento Kings,SAC,BOS,BOS @ SAC,BOS @ SAC,4200.0,$4200,12.0,0.2427,0.224648310139165,110.0,105.33859258555391,1.0345162935446943,2.0938511326860842,2.1645021645021645,2.1497074073188123,1.006578947368421,1.006578947368421,25.966202630508807,309.0,24.7,28.9,27.27789698106438,4.3,5.23,4.6220550559983495,4.7,3.71,4.357167198453371,1.7,1.34,1.6593928672300435,0.8,0.59,0.7763125058841921,2.8,2.32,2.6635177178322764,7.303374287154397,1.2001721815342088,1.1495895185276073,0.43088131434116306,0.20157887832386992,0.6954711262681549,114.2,0.9967055952588462,0.9936465051420605,11.669874634513803,4.826654046107105,23.249014770039118,2.7785415796461437,21.25646566362315
125062-15557,C,PHI@DAL,Andre Drummond,A. Drummond,andre drummond,Philadelphia 76ers,PHI,DAL,PHI @ DAL,PHI @ DAL,5000.0,$5000,10.2,0.1423,0.1999980198019802,116.5,129.66498612499757,0.9208059979461298,2.019230769230769,2.066115702479339,2.0551632117513603,1.0109649122807018,1.0109649122807018,21.19251854012554,416.0,16.8,16.43,16.560795332173242,21.4,21.560000000000002,21.46059739165379,2.0,1.9,1.9621266302163813,1.3,1.07,1.270644195165946,2.1,2.26,2.120421429449777,2.1,1.9,2.0372484098819443,3.199372458353684,4.548041081047927,0.3979601783167439,0.26928150663957207,0.449370704564939,0.4232054235026724,113.1,0.9899947707861252,0.980704200801813,10.986713233197172,4.790952277385982,23.15657334561678,2.1973426466394343,18.817537300037916
125062-228108,PG,HOU@BKN,Ben Saraf,B. Saraf,ben saraf,Brooklyn Nets,BKN,HOU,HOU @ BKN,HOU @ BKN,3700.0,$3700,14.35,0.2434,0.22153084112149532,103.5,103.35480347616082,1.0010957718924083,2.0476190476190474,2.079002079002079,2.07693094803297,0.9583333333333334,0.9583333333333334,28.562127474928403,84.0,15.4,25.0,18.258191155499656,4.5,5.609999999999999,4.637439123509499,8.1,8.72,8.176767798717018,1.9,2.73,1.9272268659585245,0.7,1.09,0.7127933466552103,5.5,6.98,5.641829418780921,5.16203851581265,1.3245512740289855,2.327557635994259,0.5504569941861414,0.20358894430446947,1.6045425265827538,112.9,0.9887746208819942,0.9783510545581318,10.9004317875279,5.1844098622922115,26.86001047389323,2.9460626452778107,22.205014683936803
125062-171925,PF/C,PHI@DAL,Dominick Barlow,D. Barlow,dominick barlow,Philadelphia 76ers,PHI,DAL,PHI @ DAL,PHI @ DAL,4900.0,$4900,12.91,0.1293,0.19389347181008904,116.5,129.66498612499757,0.9208059979461298,2.088659793814433,2.11864406779661,2.1110227589322283,1.0109649122807018,1.0109649122807018,27.552133903536728,485.0,15.7,16.68,16.358140072901353,9.9,9.99,9.936479572758815,3.2,3.46,3.305385432414353,1.7,1.88,1.7253055682900933,1.5,1.59,1.5126527841450468,1.9,1.78,1.859407057213785,4.108565389217685,2.737712157184083,0.8715802128987621,0.4753585004204618,0.41676812058321966,0.5021741819989624,113.1,0.9899947707861252,0.980704200801813,10.87539597819881,4.986279019646571,25.1510557708514,2.219468566979349,19.10354120911457
125062-228722,PG,PHI@DAL,Ryan Nembhard,R. Nembhard,ryan nembhard,Dallas Mavericks,DAL,PHI,PHI @ DAL,PHI @ DAL,4500.0,$4500,11.74,0.18100000000000002,0.21012258867454886,114.0,118.19434479316729,0.9723202582628165,2.0466830466830466,2.092050209205021,2.0810841015231585,1.0109649122807018,1.0109649122807018,24.699821292143746,407.0,17.7,18.01,17.9035671487338,4.2,4.34,4.254506158435523,12.1,12.61,12.298558148586546,0.7,0.6,0.6867294591799784,0.0,0.0,0.0,3.7,3.84,3.745287567642898,4.261971543785071,1.0508554179968241,2.9864691547315942,0.1696209491779599,0.0,0.9167253825578243,113.3,0.9912149206902563,0.9830573470454943,9.594839242454707,4.174972467824388,17.50639630675655,2.1321864983232683,18.993928470039133
125062-228129,SG/SF,BOS@SAC,Hugo Gonzalez,H. Gonzalez,hugo gonzalez,Boston Celtics,BOS,SAC,BOS @ SAC,BOS @ SAC,4700.0,$4700,11.87,0.1121,0.1960144523655217,119.5,120.12915040689965,0.9959149189374976,2.008746355685131,2.044989775051125,2.0378672249105043,1.006578947368421,1.006578947368421,24.348625301527736,343.0,14.4,13.21,13.692266649403548,10.5,10.87,10.62153970415109,2.1,2.18,2.1262788549515874,2.6,2.7,2.610506626589031,0.9,0.85,0.8947466867054847,2.3,1.74,2.149692550015799,3.414652831489352,2.5861989038167463,0.5218031634205947,0.635622476979715,0.21785851814375276,0.5289403106485889,119.4,1.0284294927662543,1.0548283074777762,9.332298935922154,4.739810454707784,22.70478912797477,1.9855955182813092,18.404536939343515
125062-157807,C,BOS@SAC,Luka Garza,L. Garza,luka garza,Boston Celtics,BOS,SAC,BOS @ SAC,BOS @ SAC,4400.0,$4400,8.43,0.14800000000000002,0.20491699604743083,119.5,120.12915040689965,0.9959149189374976,2.0534591194968552,2.079002079002079,2.0740454678810365,1.006578947368421,1.006578947368421,17.599230947488696,318.0,22.7,22.05,22.315888853316793,13.3,13.51,13.368255933709609,3.0,2.76,2.921993218617591,0.9,0.92,0.9020719523526367,1.5,1.39,1.4886042620604982,1.5,1.53,1.5079599368523724,4.022579545485656,2.352710235424915,0.5183044469568859,0.15875772620706072,0.26198290197418694,0.26818801262573655,119.4,1.0284294927662543,1.0548283074777762,8.617322370348889,4.010901802632669,16.194630974142438,1.9584823568974745,18.299091665489062
125062-112709,SF,MIA@DET,Javonte Green,J. Green,javonte green,Detroit Pistons,DET,MIA,MIA @ DET,MIA @ DET,3800.0,$3800,10.04,0.1471,0.20480448548812666,120.5,133.33523614204162,0.92491494011285,2.1265822784810124,2.1691973969631237,2.160974822796603,1.037280701754386,1.037280701754386,22.505036305866756,316.0,16.3,16.67,16.51801687582707,6.8,6.2299999999999995,6.61561447694684,2.1,2.38,2.1905753446576925,3.1,3.41,3.1319128540595673,0.9,1.04,0.9144122566720627,1.6,2.38,1.8058881195423897,3.3912793340806564,1.4888464398930636,0.4722122531055025,0.7048381248742134,0.2057888103493432,0.3981244088273639,112.5,0.986334321073732,0.9736447620707689,8.219969838453892,4.622036924853129,21.50677987831331,2.1631499574878665,19.417444791665673
125062-110325,C,PHI@DAL,Daniel Gafford,D. Gafford,daniel gafford,Dallas Mavericks,DAL,PHI,PHI @ DAL,PHI @ DAL,5300.0,$5300,7.64,0.1512,0.20060754039497308,114.0,118.19434479316729,0.9723202582628165,2.1040339702760087,2.1645021645021645,2.148940732022322,1.0109649122807018,1.0109649122807018,16.597928104850656,471.0,18.0,18.47,18.31736124689267,13.2,13.87,13.474265709650574,2.2,2.32,2.2491222166538343,1.9,1.93,1.9042783633908085,3.3,3.45,3.3213918169540424,3.3,3.43,3.3444619454412763,2.9301776721551347,2.236448935144347,0.36700920606167176,0.3160707536718331,0.5512822258584249,0.5500984410471794,113.3,0.9912149206902563,0.9830573470454943,8.216390700964453,4.611348458713838,21.44714591463409,1.5502623964083875,16.383520018887477
125062-228700,C,BOS@SAC,Dylan Cardwell,D. Cardwell,dylan cardwell,Sacramento Kings,SAC,BOS,BOS @ SAC,BOS @ SAC,4300.0,$4300,7.38,0.0885,0.20750452488687782,110.0,105.33859258555391,1.0345162935446943,2.0317460317460316,2.1141649048625792,2.106875130583467,1.006578947368421,1.006578947368421,15.651032795704053,126.0,10.3,8.98,9.814292018179202,13.2,14.58,13.424279125752621,2.3,3.13,2.4348925176628082,2.6,1.89,2.5684037613126462,4.7,5.68,4.743611709737475,2.1,2.34,2.1304927269349023,1.5838214081417967,2.101038328558396,0.3872156704071686,0.4019817150091387,0.74242422439187,0.3353035331548614,114.2,0.9967055952588462,0.9936465051420605,7.78380519307079,4.855905676893352,23.709998552423812,1.8101872542025093,17.815146622457647
125062-23169,C,HOU@BKN,Steven Adams,S. Adams,steven adams,Houston Rockets,HOU,BKN,HOU @ BKN,HOU @ BKN,4400.0,$4400,8.26,0.1264,0.19816996805111822,115.0,118.03602388156989,0.9799374923879127,2.0191780821917806,2.0533880903490758,2.0462398617273876,0.9583333333333334,0.9583333333333334,16.197693705457045,365.0,13.4,13.16,13.252848037109105,19.0,19.89,19.30764964702438,3.1,2.71,2.9651872333263944,1.5,1.94,1.5495100313693693,1.3,0.83,1.2471142846736283,2.4,2.58,2.4510802316365368,2.1197586026653084,3.1273939515477673,0.4767532452491789,0.2509848888165418,0.20200375198843595,0.39664127650755093,116.0,1.007686944396026,1.014824821335193,7.55008585830378,3.9609890804540524,15.841227498073756,1.71592860415995,17.49821598845906
125062-203771,C,PHI@DAL,Adem Bona,A. Bona,adem bona,Philadelphia 76ers,PHI,DAL,PHI @ DAL,PHI @ DAL,4600.0,$4600,8.96,0.1076,0.20081354526606773,116.5,129.66498612499757,0.9208059979461298,2.1012145748987856,2.127659574468085,2.1235881131455696,1.0109649122807018,1.0109649122807018,19.23598271191791,247.0,11.0,13.68,12.398843420485134,10.6,10.66,10.61601022348017,0.7,0.58,0.6679795530396576,1.0,0.97,0.9975900431846159,4.3,3.31,4.220471425092324,1.9,1.93,1.9064329726811786,2.174185493715909,2.0420938912840834,0.12297237474062375,0.19189624824280713,0.8118491536921948,0.35946828876634535,113.1,0.9899947707861252,0.980704200801813,7.460924642406406,4.619429578076155,21.520422466280387,1.6219401396535666,17.11210258233511
125062-171751,SG/SF,PHI@DAL,Max Christie,M. Christie,max christie,Dallas Mavericks,DAL,PHI,PHI @ DAL,PHI @ DAL,4800.0,$4800,10.43,0.15109999999999998,0.19086911976911977,114.0,118.19434479316729,0.9723202582628165,2.0830489192263935,2.1321961620469083,2.113676239518869,1.0109649122807018,1.0109649122807018,22.287371721802224,879.0,19.4,19.17,19.219696225319243,5.6,5.800000000000001,5.709476567742378,3.5,3.55,3.527369141935594,0.8,0.86,0.8134973643386217,0.7,0.59,0.6752548320458601,1.9,1.91,1.9047562426977076,4.128407334289116,1.2724922660219389,0.7728937430583973,0.1813071815372124,0.15049655448749213,0.42068646412238886,113.3,0.9912149206902563,0.9830573470454943,7.389463412054765,3.7240882770171404,14.048322088202486,1.539471544178076,16.807838108129744
125062-203812,PG,MIA@DET,Daniss Jenkins,D. Jenkins,daniss jenkins,Detroit Pistons,DET,MIA,MIA @ DET,MIA @ DET,4000.0,$4000,7.29,0.2211,0.22015982905982906,120.5,133.33523614204162,0.92491494011285,2.127450980392157,2.1645021645021645,2.159114146387804,1.037280701754386,1.037280701754386,16.326738215241303,204.0,21.2,24.65,22.942924727188878,5.2,6.27,5.471691223217926,8.5,9.68,8.799622096632852,2.6,3.26,2.6498380528266625,0.1,0.0,0.0924487798747481,3.8,4.15,3.8711711098783774,3.4172295211158326,0.8933487019611254,1.3761405424508233,0.4326321220128568,0.015093870273334808,0.6191416829053775,112.5,0.986334321073732,0.9736447620707689,7.277495071098614,4.015875770347831,16.126124116695788,1.8193737677746535,18.019952256290313
125062-171776,SF/PF,BOS@SAC,Josh Minott,J. Minott,josh minott,Boston Celtics,BOS,SAC,BOS @ SAC,BOS @ SAC,3600.0,$3600,7.85,0.1294,0.19565228519195613,119.5,120.12915040689965,0.9959149189374976,2.00453514739229,2.0202020202020203,2.0164610606079796,1.006578947368421,1.006578947368421,15.933358926600091,441.0,17.9,17.19,17.436348175430645,11.1,11.42,11.223363294281173,3.1,2.83,2.9959122204502604,2.2,2.38,2.223555527459575,1.1,1.02,1.0895308766846334,1.8,1.81,1.8031997072288444,2.845506833465679,1.7882587573141073,0.4811145209264071,0.35428708312238993,0.17359886519829526,0.2903401092028365,119.4,1.0284294927662543,1.0548283074777762,7.006406859391437,3.918458654379942,15.52014009698906,1.9462241276087324,18.705868137677612
125062-58312,PG,PHI@DAL,D'Angelo Russell,D. Russell,d angelo russell,Dallas Mavericks,DAL,PHI,PHI @ DAL,PHI @ DAL,3800.0,$3800,6.61,0.2695,0.23345631067961164,114.0,118.19434479316729,0.9723202582628165,2.122767857142857,2.1598272138228944,2.1491542723956365,1.0109649122807018,1.0109649122807018,14.361676294707694,448.0,24.9,25.97,25.657766031199138,5.7,6.1,5.878879992800961,9.7,9.78,9.735775998560191,1.2,1.26,1.2097551983969794,0.2,0.21,0.2016258663994966,4.6,4.84,4.6906282327771445,3.5514126676096294,0.844305714320409,1.3746297235870362,0.17374112555217303,0.028956854258695503,0.6675694030799694,113.3,0.9912149206902563,0.9830573470454943,6.567048646527311,3.5543655873219655,12.559045359007635,1.7281706964545556,17.80359062364908
125062-145329,C,MIA@DET,Paul Reed,P. Reed,paul reed,Detroit Pistons,DET,MIA,MIA @ DET,MIA @ DET,3700.0,$3700,4.48,0.1794,0.21600405709992487,120.5,133.33523614204162,0.92491494011285,2.2061068702290076,2.207505518763797,2.2073709014815104,1.037280701754386,1.037280701754386,10.25769130498987,131.0,24.2,23.18,23.80233437723502,16.8,17.83,16.98086335612635,4.2,4.15,4.19122022543076,3.2,3.52,3.2155626031827045,2.9,2.46,2.8786014206237818,4.0,3.81,3.973828754290016,2.227384110315739,1.7418445439935835,0.4118029423793377,0.3298424855531782,0.2952780476286405,0.3993070879234682,112.5,0.986334321073732,0.9736447620707689,6.411356488299035,4.017363570344557,16.16762371803991,1.7327990508916309,17.75668688081678
125062-16376,SF/PF,HOU@BKN,Dorian Finney-Smith,D. Finney-Smith,dorian finney smith,Houston Rockets,HOU,BKN,HOU @ BKN,HOU @ BKN,3500.0,$3500,12.47,0.057999999999999996,0.2164352078239609,115.0,118.03602388156989,0.9799374923879127,2.259259259259259,2.1321961620469083,2.1349324966461247,0.9583333333333334,0.9583333333333334,25.513332890128126,27.0,9.3,9.84,9.362991499352567,5.2,7.09,5.279687134532717,2.1,1.64,2.080605247679868,1.0,1.82,1.0085722664453132,1.0,0.0,0.9895460165301058,1.0,1.64,1.0204535961335435,2.35887990483309,1.347024154190599,0.5269206746652096,0.25732039977570276,0.25246616929832816,0.2601043728706912,116.0,1.007686944396026,1.014824821335193,6.034945236211026,3.749112733955489,14.077918969590929,1.7242700674888647,18.30672205059012
125062-84689,SG/SF,HOU@BKN,Josh Okogie,J. Okogie,josh okogie,Houston Rockets,HOU,BKN,HOU @ BKN,HOU @ BKN,3900.0,$3900,9.36,0.12240000000000001,0.1925317365269461,115.0,118.03602388156989,0.9799374923879127,1.9723404255319148,2.0161290322580645,2.005335319198558,0.9583333333333334,0.9583333333333334,17.987857813211065,470.0,15.3,14.46,14.743515880280029,6.7,7.11,6.86215589120346,2.3,2.37,2.327685152156688,2.6,2.47,2.582357243195773,0.5,0.54,0.5054285405551469,2.0,2.05,2.0164586938065656,2.6188131550809124,1.234354844630565,0.4156157876431605,0.4645107491352127,0.09091576722244764,0.36237311862765376,116.0,1.007686944396026,1.014824821335193,6.027369080547658,3.8120043613294357,14.708608896417628,1.5454792514224764,17.306223195107354
125062-228110,PG,HOU@BKN,Nolan Traore,N. Traore,nolan traore,Brooklyn Nets,BKN,HOU,HOU @ BKN,HOU @ BKN,3700.0,$3700,9.91,0.1391,0.2157824644549763,103.5,103.35480347616082,1.0010957718924083,2.0,2.11864406779661,2.1126102552436135,0.9583333333333334,0.9583333333333334,20.0636356449032,66.0,12.6,15.15,13.220357435613765,3.4,4.41,3.4977583298887973,6.1,5.3,6.022567659494022,1.5,0.73,1.480692883915627,0.8,0.0,0.7799406586136386,3.4,3.03,3.3724746082922143,2.625583095465794,0.7017774870481397,1.2042580166076007,0.29708082524884094,0.15648445199069877,0.6737504198470604,112.9,0.9887746208819942,0.9783510545581318,5.961048516706521,3.824434423441906,14.653478733395746,1.6110941937044652,17.67115566081881
125062-68203,C,BOS@SAC,Chris Boucher,C. Boucher,chris boucher,Boston Celtics,BOS,SAC,BOS @ SAC,BOS @ SAC,3500.0,$3500,6.68,0.12269999999999999,0.21442034564021994,119.5,120.12915040689965,0.9959149189374976,1.9452054794520548,2.0080321285140563,2.0045453324283447,1.006578947368421,1.006578947368421,13.47845731286227,73.0,9.9,11.27,10.257104896964716,9.9,8.08,9.708606871144774,1.6,2.11,1.6536321405033878,2.7,3.36,2.718104464202554,3.8,3.36,3.787930357198297,0.5,0.7,0.516200062917947,1.4159950831602734,1.3085704328008616,0.224642091164249,0.366358549926545,0.5105545762359238,0.07030951608321592,119.4,1.0284294927662543,1.0548283074777762,5.883672601671871,4.180664905425952,17.5209474161132,1.6810493147633918,17.83408143996528
125062-171764,PF,PHI@DAL,Jabari Walker,J. Walker,jabari walker,Philadelphia 76ers,PHI,DAL,PHI @ DAL,PHI @ DAL,3700.0,$3700,7.39,0.145,0.20719765031098825,116.5,129.66498612499757,0.9208059979461298,2.068825910931174,2.1321961620469083,2.122085836136132,1.0109649122807018,1.0109649122807018,15.85416843353117,247.0,14.9,19.57,17.386715724449125,12.5,12.02,12.367911858247338,1.8,2.54,2.003635885202021,0.6,0.79,0.615866735515561,1.1,1.19,1.1075158220863184,1.8,1.57,1.7490238753163811,2.512823942159215,1.9608295777172078,0.30401308890900525,0.09764054957472697,0.1755874238615723,0.27180902400367557,113.1,0.9899947707861252,0.980704200801813,5.869713965088594,3.3265047683979945,11.128231400818754,1.586409179753674,17.446716674741623
125062-203772,SF/PF,PHI@DAL,Justin Edwards,J. Edwards,justin edwards,Philadelphia 76ers,PHI,DAL,PHI @ DAL,PHI @ DAL,3700.0,$3700,7.9,0.1597,0.20647440206851972,116.5,129.66498612499757,0.9208059979461298,2.1037463976945245,2.1551724137931036,2.1443856197131987,1.0109649122807018,1.0109649122807018,17.126399097441883,347.0,15.3,15.34,15.32457128806887,5.1,5.55,5.256046875941829,3.7,4.38,3.935804168089875,2.1,2.65,2.1621542418346493,0.7,0.98,0.7316421594794578,2.2,2.33,2.237019475024374,2.3925192135207034,0.9001715647224238,0.6451037321096436,0.3702991645588708,0.12530395619759416,0.37554370847066937,113.1,0.9899947707861252,0.980704200801813,5.551646343150802,3.6781534774341536,13.609687328035356,1.5004449576083247,17.19661624583623
125062-16196,C,PHI@DAL,Dwight Powell,D. Powell,dwight powell,Dallas Mavericks,DAL,PHI,PHI @ DAL,PHI @ DAL,3800.0,$3800,6.94,0.0823,0.19440312075983718,114.0,118.19434479316729,0.9723202582628165,2.1423357664233578,2.197802197802198,2.188820500539911,1.0109649122807018,1.0109649122807018,15.356975833766139,274.0,9.9,10.05,9.980533341616296,10.5,10.55,10.513936319722022,3.3,3.07,3.2358929292787018,1.7,1.7,1.7,1.2,1.36,1.2135797118865976,1.6,1.53,1.58427083062502,1.4771908736867492,1.614622659797272,0.48855095609445787,0.26106858917402437,0.18636914307791352,0.24109899680722333,113.3,0.9912149206902563,0.9830573470454943,5.248778699533752,3.5112047785860745,12.468592704174057,1.3812575525088824,16.696175818469456
125062-9556,SG,PHI@DAL,Eric Gordon,E. Gordon,eric gordon,Philadelphia 76ers,PHI,DAL,PHI @ DAL,PHI @ DAL,3500.0,$3500,7.5,0.1573,0.21807544426494346,116.5,129.66498612499757,0.9208059979461298,2.026315789473684,2.1141649048625792,2.111499236749735,1.0109649122807018,1.0109649122807018,16.009887304960987,38.0,21.2,25.97,21.954035774777214,1.3,0.0,1.223429777708509,1.9,2.6,1.941230119695418,2.6,3.7,2.6162783304416113,0.6,0.0,0.591120910668212,1.9,2.6,1.931384731281327,3.204082446040953,0.195869728666467,0.2974372169908479,0.41886321228781676,0.09463779163403986,0.3030970671466014,113.1,0.9899947707861252,0.980704200801813,5.122687890545954,3.562226147746584,12.700207444041995,1.4636251115845584,17.17443870153896
125062-203733,PG,BOS@SAC,Devin Carter,D. Carter,devin carter,Sacramento Kings,SAC,BOS,BOS @ SAC,BOS @ SAC,3600.0,$3600,4.94,0.16670000000000001,0.2187,110.0,105.33859258555391,1.0345162935446943,2.1,2.247191011235955,2.2436289031712806,1.006578947368421,1.006578947368421,11.156444721019193,30.0,17.2,14.29,16.823067745597204,6.2,9.84,6.3720173143423775,6.2,6.35,6.207088625591032,2.9,5.08,2.925646228383056,1.0,1.69,1.0081173842129858,3.8,6.35,3.891460525319574,1.9352418321337521,0.7108905892883792,0.7036292620448955,0.3263981042021386,0.11247005869270643,0.4365696288198987,114.2,0.9967055952588462,0.9936465051420605,4.723789292211787,3.4856677686266706,12.156832507056599,1.312163692281052,16.48035733652449
125062-55059,C,HOU@BKN,Clint Capela,C. Capela,clint capela,Houston Rockets,HOU,BKN,HOU @ BKN,HOU @ BKN,4000.0,$4000,4.12,0.13369999999999999,0.20962375366568914,115.0,118.03602388156989,0.9799374923879127,2.018292682926829,2.0366598778004072,2.0345751180848373,0.9583333333333334,0.9583333333333334,8.033180757904965,164.0,16.5,13.9,15.370401897810229,20.6,20.0,20.477678602904227,1.9,1.81,1.8816517904356338,1.7,2.52,1.7474776216634467,2.9,3.77,2.9503725985941447,2.1,2.42,2.15155623847114,1.2192612420417461,1.6450089371941246,0.1500427970139333,0.14037803605216334,0.23700876387676553,0.17267419466521985,116.0,1.007686944396026,1.014824821335193,4.377822367317163,3.1942382979669324,10.249901311770117,1.0944555918292906,15.499295066576954
125062-188442,SF,HOU@BKN,Jalen Wilson,J. Wilson,jalen wilson,Brooklyn Nets,BKN,HOU,HOU @ BKN,HOU @ BKN,3600.0,$3600,9.17,0.15259999999999999,0.21193969185619957,103.5,103.35480347616082,1.0010957718924083,1.9877300613496933,2.0533880903490758,2.0458778238165225,0.9583333333333334,0.9583333333333334,17.979003825880948,163.0,17.9,12.96,15.743177242452429,3.6,3.85,3.6513218633696023,1.9,1.54,1.826096516747773,0.9,0.3,0.8649738862018976,0.0,0.0,0.0,1.7,0.62,1.5247215458046401,2.801760109421282,0.6564712975104484,0.3272032274494631,0.15551368809311028,0.0,0.2729586679081999,112.9,0.9887746208819942,0.9783510545581318,4.273912903979146,2.759841192710054,7.643808411710663,1.1871980288830961,16.317916581995185
125062-171791,SG,PHI@DAL,Jaden Hardy,J. Hardy,jaden hardy,Dallas Mavericks,DAL,PHI,PHI @ DAL,PHI @ DAL,3600.0,$3600,6.01,0.19920000000000002,0.21686454352441614,114.0,118.19434479316729,0.9723202582628165,2.136150234741784,2.197802197802198,2.188660506534412,1.0109649122807018,1.0109649122807018,13.298080451774796,213.0,23.9,19.56,21.682705749986976,5.5,5.0600000000000005,5.386364273860527,2.6,2.42,2.553512657488397,1.0,1.1,1.0077120284318164,0.3,0.44,0.31079683980454303,3.2,2.64,3.084042661186604,2.7789427345057445,0.7162830545636281,0.3338389414630182,0.13400635626307467,0.04133001379878177,0.4064148884717532,113.3,0.9912149206902563,0.9830573470454943,4.258835033890442,2.8577849461469076,8.178213577425288,1.1830097316362338,16.126796517008806
125062-233063,C,PHI@DAL,Moussa Cisse,M. Cisse,moussa cisse,Dallas Mavericks,DAL,PHI,PHI @ DAL,PHI @ DAL,3600.0,$3600,4.07,0.125,0.2084553440702782,114.0,118.19434479316729,0.9723202582628165,2.0963855421686746,2.1691973969631237,2.1608993397440095,1.0109649122807018,1.0109649122807018,8.891295184608538,166.0,13.6,13.22,13.434477549481908,15.9,14.73,15.660603193731982,0.7,0.86,0.7327380247887889,1.2,1.4,1.211629926312158,4.6,4.48,4.593022044212705,3.2,3.16,3.193530694930655,1.151232325951298,1.3924304576449424,0.0640506854583998,0.10772959329346887,0.4083791478450929,0.2813820568235755,113.3,0.9912149206902563,0.9830573470454943,4.185169069904938,3.4208730197159087,11.762043390869087,1.1625469638624828,15.952802101327576
125062-84719,PG,HOU@BKN,Aaron Holiday,A. Holiday,aaron holiday,Houston Rockets,HOU,BKN,HOU @ BKN,HOU @ BKN,3800.0,$3800,6.35,0.182,0.21293622795115333,115.0,118.03602388156989,0.9799374923879127,2.102189781021898,2.092050209205021,2.0938683709753936,0.9583333333333334,0.9583333333333334,12.742061482539842,274.0,22.7,22.92,22.82480114555367,3.1,2.98,3.0635082332529353,3.2,2.78,3.072278816385273,1.1,1.41,1.1294255725359172,0.4,0.18,0.37911733561967165,2.8,2.78,2.795063212268316,2.871909199573079,0.3903541026037591,0.38858736626982693,0.1439121008520542,0.048307363995625484,0.3558103099066902,116.0,1.007686944396026,1.014824821335193,4.144063256738678,2.840507977950068,8.093621485408994,1.0905429622996523,15.731258624790105
125062-145336,C,BOS@SAC,Xavier Tillman,X. Tillman,xavier tillman,Boston Celtics,BOS,SAC,BOS @ SAC,BOS @ SAC,3500.0,$3500,4.69,0.1321,0.21380410534469405,119.5,120.12915040689965,0.9959149189374976,1.945054945054945,2.0242914979757085,2.0189032021502826,1.006578947368421,1.006578947368421,9.53094980767749,91.0,14.8,15.25,14.937018914817402,11.5,12.83,11.669369483171785,2.4,2.26,2.3821716333503384,2.9,3.31,2.9138735085433423,1.0,1.1,1.0033837825715468,1.9,1.69,1.8792835510041723,1.458132111404997,1.1122017483135371,0.228834379430125,0.277719821558477,0.09563200469526997,0.18100241236372835,119.4,1.0284294927662543,1.0548283074777762,4.075078844923942,3.127344454973757,9.807000901892218,1.1643082414068406,16.05311854335234
125062-203813,PF,MIA@DET,Bobi Klintman,B. Klintman,bobi klintman,Detroit Pistons,DET,MIA,MIA @ DET,MIA @ DET,3500.0,$3500,4.89,0.1765,0.2193219852337982,120.5,133.33523614204162,0.92491494011285,2.0526315789473686,2.2522522522522523,2.2491535926612554,1.037280701754386,1.037280701754386,11.408387686880928,19.0,14.3,7.69,13.728708239361724,13.4,10.25,13.303701560455965,3.4,5.13,3.4528877144162484,1.7,0.0,1.6872303708546803,0.0,0.0,0.0,4.2,7.69,4.280635694730169,1.428827784514789,1.5177378507224442,0.37731673326230414,0.19248578187790077,0.0,0.4783885602973227,112.5,0.986334321073732,0.9736447620707689,3.9151570906115576,2.899069198215645,8.407110092692166,1.118616311603302,15.918919703484534
125062-171669,SG/SF,BOS@SAC,Keon Ellis,K. Ellis,keon ellis,Sacramento Kings,SAC,BOS,BOS @ SAC,BOS @ SAC,4000.0,$4000,5.44,0.1334,0.20482268041237114,110.0,105.33859258555391,1.0345162935446943,2.1019607843137256,2.1367521367521367,2.131124875005199,1.006578947368421,1.006578947368421,11.669591157660049,255.0,14.2,12.5,13.287872189292475,3.6,3.53,3.580508568627352,1.8,1.87,1.8194914313726482,3.3,3.71,3.334754087042493,1.3,1.67,1.331363444404201,1.3,1.31,1.3022446207595417,1.5988779545667096,0.41783071132379784,0.21574253806831656,0.38915216807121783,0.1553646707845109,0.15281404978650112,114.2,0.9967055952588462,0.9936465051420605,3.9046250820384274,3.359380635324226,11.361181793559512,0.9761562705096068,15.198908025690706
125062-228145,SG,MIA@DET,Chaz Lanier,C. Lanier,chaz lanier,Detroit Pistons,DET,MIA,MIA @ DET,MIA @ DET,3500.0,$3500,5.7,0.1469,0.21607981072555205,120.5,133.33523614204162,0.92491494011285,2.176470588235294,2.197802197802198,2.1966842264048902,1.037280701754386,1.037280701754386,12.987895488618914,68.0,15.0,16.89,15.470917719891082,4.7,6.140000000000001,4.843421724858899,3.3,4.73,3.4424257406584897,1.3,1.37,1.3018102824211042,0.0,0.0,0.0,0.3,0.68,0.3291103868458127,1.8330773942285796,0.6290585516977374,0.428255258863117,0.16907775894094773,0.0,0.041872473875721856,112.5,0.986334321073732,0.9736447620707689,3.6956913475076614,2.590016787285793,6.719772783943217,1.0559118135736176,15.765165086014296
125062-113267,SF,PHI@DAL,Caleb Martin,C. Martin,caleb martin,Dallas Mavericks,DAL,PHI,PHI @ DAL,PHI @ DAL,3900.0,$3900,5.55,0.0951,0.19976480446927375,114.0,118.19434479316729,0.9723202582628165,2.1336206896551726,2.232142857142857,2.217847722874037,1.0109649122807018,1.0109649122807018,12.444022568770544,232.0,7.5,7.07,7.283047557151296,7.1,7.37,7.168423658295105,4.9,5.45,5.039381526156697,2.0,2.17,2.0128060120102784,0.7,0.59,0.6917137569345256,1.9,1.82,1.8837662494526626,0.8734762503619936,0.8920402578633299,0.6165212542928185,0.2504740344001294,0.08607701602422299,0.23229939462348775,113.3,0.9912149206902563,0.9830573470454943,3.646060197886786,3.0323391969237745,9.277499228379082,0.9348872302273811,15.135283181035854
125062-203715,SG,BOS@SAC,Baylor Scheierman,B. Scheierman,baylor scheierman,Boston Celtics,BOS,SAC,BOS @ SAC,BOS @ SAC,3600.0,$3600,5.95,0.0924,0.1968474761255116,119.5,120.12915040689965,0.9959149189374976,1.981203007518797,2.0325203252032518,2.024298997943048,1.006578947368421,1.006578947368421,12.123819689325355,266.0,11.3,10.63,10.942411580971608,7.2,6.83,7.09781792685733,2.8,2.47,2.708864637467348,1.8,0.95,1.728695946179193,0.3,0.19,0.29077241656436614,1.6,1.71,1.6244735414453444,1.3587804059766022,0.8605266473287936,0.33100824638535176,0.20958397949144228,0.03525272349055776,0.19902515878382604,119.4,1.0284294927662543,1.0548283074777762,3.4234097025113566,2.748925303856783,7.634162318295534,0.9509471395864879,15.387806988312374
125062-173747,SF,MIA@DET,Simone Fontecchio,S. Fontecchio,simone fontecchio,Miami Heat,MIA,DET,MIA @ DET,MIA @ DET,3900.0,$3900,3.69,0.1996,0.21483335407591786,116.0,119.4441450000943,0.9775088758007231,2.14987714987715,2.2123893805309733,2.196933383800706,1.037280701754386,1.037280701754386,8.408907061588241,407.0,22.2,24.91,23.997771843613126,7.2,7.78,7.429952081875453,4.1,4.11,4.103964691066818,1.1,1.14,1.1054475360287879,0.4,0.46,0.40817130404318175,2.3,2.29,2.296699328088873,1.9179294499896629,0.6247777652854475,0.3379099533293553,0.09295605591927796,0.03432274560906392,0.19012855655529018,110.2,0.9723025971762247,0.9465835802684333,3.366235546355968,2.470446544703141,6.117004160692157,0.8631373195784534,14.80895166830982
125062-145576,SF,HOU@BKN,Jae'Sean Tate,J. Tate,jae sean tate,Houston Rockets,HOU,BKN,HOU @ BKN,HOU @ BKN,3600.0,$3600,4.11,0.10769999999999999,0.21331128526645768,115.0,118.03602388156989,0.9799374923879127,2.1184210526315788,2.05761316872428,2.0610955647653504,0.9583333333333334,0.9583333333333334,8.118140155719525,76.0,16.9,13.66,16.034519347401105,8.5,8.67,8.518416697748322,3.6,2.48,3.4786664618934156,1.3,1.85,1.3155830290221249,1.0,0.0,0.9716672199597729,1.3,0.62,1.2432118929260974,1.285394676346536,0.6915370065714236,0.2803223266711292,0.10680087416087637,0.07888130676351789,0.10082979831240685,116.0,1.007686944396026,1.014824821335193,2.9919393186997136,2.4770734570098383,6.153990993498775,0.8310942551943649,14.912324957005223
125062-228114,PG,MIA@DET,Kasparas Jakucionis,K. Jakucionis,kasparas jakucionis,Miami Heat,MIA,DET,MIA @ DET,MIA @ DET,3800.0,$3800,3.84,0.1478,0.21373607305936074,116.0,119.4441450000943,0.9775088758007231,2.175438596491228,2.2123893805309733,2.2092959454856835,1.037280701754386,1.037280701754386,8.799974587071395,114.0,14.8,16.53,15.412573557223876,5.8,5.22,5.710389446104162,2.9,3.23,2.9509853151476317,2.2,2.0,2.1915973034305254,0.0,0.0,0.0,1.8,2.02,1.8265168783301762,1.2890766316354383,0.5025128200799732,0.2542765337281348,0.19286000575282822,0.0,0.1582372631960902,110.2,0.9723025971762247,0.9465835802684333,2.693849570386003,2.4382162269115297,5.961317200657092,0.7089077816805271,14.400674190019657
125062-9535,PG,PHI@DAL,Kyle Lowry,K. Lowry,kyle lowry,Philadelphia 76ers,PHI,DAL,PHI @ DAL,PHI @ DAL,3500.0,$3500,5.47,0.0632,0.21506440677966102,116.5,129.66498612499757,0.9208059979461298,2.1794871794871793,2.2522522522522523,2.2500288104417923,1.0109649122807018,1.0109649122807018,12.442609979006042,39.0,6.3,3.53,5.859458778549913,3.1,3.66,3.1332084832165457,7.3,7.06,7.285767792907195,1.0,0.0,0.9850960938928681,0.0,0.0,0.0,2.1,2.35,2.111286232624599,0.6646148359146373,0.3898529113957658,0.8675945727489376,0.12257166488151275,0.0,0.2575035787998781,113.1,0.9899947707861252,0.980704200801813,2.5440416045576226,2.3797427522120005,5.675494124481727,0.7268690298736065,14.723943797148186
125062-171783,PF,HOU@BKN,E.J. Liddell,E. Liddell,e j liddell,Brooklyn Nets,BKN,HOU,HOU @ BKN,HOU @ BKN,3500.0,$3500,3.47,0.11109999999999999,0.21927880794701987,103.5,103.35480347616082,1.0010957718924083,1.75,2.11864406779661,2.1162134431487942,0.9583333333333334,0.9583333333333334,7.037291454071053,8.0,20.6,0.0,19.8110624407367,13.2,11.899999999999999,13.182969401543687,0.0,0.0,0.0,0.0,0.0,0.0,0.0,0.0,0.0,0.0,0.0,0.0,1.3800227397369693,0.9277239790876358,0.0,0.0,0.0,0.0,112.9,0.9887746208819942,0.9783510545581318,2.493291514642132,1.7398877841403841,3.028170337819044,0.7123690041834664,14.571346309515116
125062-228171,PF,PHI@DAL,Johni Broome,J. Broome,johni broome,Philadelphia 76ers,PHI,DAL,PHI @ DAL,PHI @ DAL,3500.0,$3500,2.75,0.0417,0.2183804293971924,116.5,129.66498612499757,0.9208059979461298,2.0,2.1645021645021645,2.1630226227950766,1.0109649122807018,1.0109649122807018,6.013534934316795,11.0,11.6,9.09,11.470378623817446,15.1,4.35,14.908351489878756,4.7,0.0,4.616209488598154,2.3,0.0,2.29002390469993,0.0,0.0,0.0,2.3,0.0,2.269109422021326,0.628794352024612,0.8965189249745975,0.2656717402218787,0.13771138751333584,0.0,0.13375497446710413,113.1,0.9899947707861252,0.980704200801813,2.3825038603998507,2.2417257824969954,5.0289175077345885,0.6807153886856716,14.435812596742071
125062-172097,PG,HOU@BKN,Tyson Etienne,T. Etienne,tyson etienne,Brooklyn Nets,BKN,HOU,HOU @ BKN,HOU @ BKN,3500.0,$3500,4.74,0.3333,0.22084342431761786,103.5,103.35480347616082,1.0010957718924083,1.6666666666666667,2.092050209205021,2.088867305001363,0.9583333333333334,0.9583333333333334,9.488679732968691,9.0,16.7,60.0,18.573832179198334,0.0,0.0,0.0,1.4,6.67,1.4782791339863115,0.0,0.0,0.0,0.0,0.0,0.0,1.4,0.0,1.384345456030008,1.7445372354060455,0.0,0.1397946210267617,0.0,0.0,0.1307949558883694,112.9,0.9887746208819942,0.9783510545581318,1.8234342110578188,1.5628575554695123,2.4416175539906178,0.5209812031593768,14.057594025079954
125062-228153,C,BOS@SAC,Amari Williams,A. Williams,amari williams,Boston Celtics,BOS,SAC,BOS @ SAC,BOS @ SAC,3500.0,$3500,2.52,0.0208,0.21641374795417348,119.5,120.12915040689965,0.9959149189374976,1.9090909090909092,2.1321961620469083,2.1282661236038347,1.006578947368421,1.006578947368421,5.398515043530884,22.0,4.5,2.38,4.2940722237533775,10.6,13.27,10.69243675358438,1.5,0.0,1.4480692395593369,1.5,0.0,1.4871998245871392,3.0,4.26,3.010752147346803,0.0,0.0,0.0,0.2374326400288667,0.577232806662278,0.07879083173942225,0.08028670625770164,0.16253590759794628,0.0,119.4,1.0284294927662543,1.0548283074777762,1.7767660971996775,2.2441388313687556,5.044115320895952,0.507647456342765,13.900432509468287
125062-18256,PF,BOS@SAC,Doug McDermott,D. McDermott,doug mcdermott,Sacramento Kings,SAC,BOS,BOS @ SAC,BOS @ SAC,3600.0,$3600,3.01,0.1143,0.21750585842148087,110.0,105.33859258555391,1.0345162935446943,2.103448275862069,2.1881838074398248,2.18621418307861,1.006578947368421,1.006578947368421,6.623797485086791,29.0,19.3,14.75,18.731500654315415,3.7,4.92,3.755427885335296,0.9,1.64,0.9336201927443597,0.0,0.0,0.0,0.9,1.64,0.9083574182721571,1.8,0.0,1.7379612173479972,1.2793337266195588,0.2487519378230874,0.06283583783909655,0.0,0.060167755827110446,0.11576098116874765,114.2,0.9967055952588462,0.9936465051420605,1.7368320950784921,1.7363242001108683,3.018132985605642,0.4824533597440256,13.79085603428328
125062-179512,SF,BOS@SAC,Daeqwon Plowden,D. Plowden,daeqwon plowden,Sacramento Kings,SAC,BOS,BOS @ SAC,BOS @ SAC,3500.0,$3500,5.13,,0.22,110.0,105.33859258555391,1.0345162935446943,,2.070393374741201,2.070393374741201,1.006578947368421,1.006578947368421,10.690993788819876,,6.9,,6.9,6.9,,6.9,0.0,,0.0,0.0,,0.0,0.0,,0.0,0.0,,0.0,0.7606264078551856,0.7376785714285715,0.0,0.0,0.0,0.0,114.2,0.9967055952588462,0.9936465051420605,1.6458406935694714,1.4256374867764308,2.032442243702218,0.4702401981627061,13.925788521741465
125062-203803,SF,MIA@DET,Keshad Johnson,K. Johnson,keshad johnson,Miami Heat,MIA,DET,MIA @ DET,MIA @ DET,3700.0,$3700,1.79,0.1576,0.21651424075531078,116.0,119.4441450000943,0.9775088758007231,2.084507042253521,2.277904328018223,2.267318689139115,1.037280701754386,1.037280701754386,4.2098041985381895,71.0,16.0,17.57,16.404816903944848,11.1,9.89,10.974414752449631,0.3,0.0,0.26886316176437125,1.7,1.94,1.7064902215537787,1.4,1.94,1.4146029984960018,1.0,1.35,1.0279704940808125,0.6563801514380048,0.46200137301361904,0.011082838753729292,0.07183989699461464,0.059552016423331806,0.042603590472120624,110.2,0.9723025971762247,0.9465835802684333,1.57897820696666,1.8764870893741827,3.5266106054700184,0.4267508667477459,13.50149179602143
125062-9648,SF,HOU@BKN,Jeff Green,J. Green,jeff green,Houston Rockets,HOU,BKN,HOU @ BKN,HOU @ BKN,3500.0,$3500,2.4,0.1892,0.21959473684210526,115.0,118.03602388156989,0.9799374923879127,2.125,1.9646365422396856,1.9667414109312753,0.9583333333333334,0.9583333333333334,4.5235052451419335,16.0,23.6,29.41,24.02937952308896,4.9,5.97,4.927724905514649,1.6,2.94,1.6347209097099331,0.0,0.0,0.0,0.8,0.0,0.7949251269681823,0.8,2.94,0.8418585085510755,1.073350742267036,0.2229058945671205,0.07340186083821067,0.0,0.035958479813356904,0.03804533401793328,116.0,1.007686944396026,1.014824821335193,1.5207707124270342,1.5238171931603206,2.3224329461739726,0.4345059178362955,13.676229349144462
125062-203785,PF,MIA@DET,Isaac Jones,I. Jones,isaac jones,Detroit Pistons,DET,MIA,MIA @ DET,MIA @ DET,3500.0,$3500,2.7,0.6667000000000001,0.22037194004995836,120.5,133.33523614204162,0.92491494011285,3.0,2.028397565922921,2.029208405876871,1.037280701754386,1.037280701754386,5.68311854198542,1.0,13.5,66.67,13.765128276829477,5.4,0.0,5.390994496129865,2.7,0.0,2.6954972480649326,0.0,0.0,0.0,0.0,0.0,0.0,0.0,0.0,0.0,0.7136625671436042,0.30637660780696985,0.14673203698310103,0.0,0.0,0.0,112.5,0.986334321073732,0.9736447620707689,1.3014125519866195,1.2868479379622173,1.6557066419627204,0.37183215771046274,13.506592846647452
125062-228176,PG,PHI@DAL,Miles Kelly,M. Kelly,miles kelly,Dallas Mavericks,DAL,PHI,PHI @ DAL,PHI @ DAL,3500.0,$3500,2.64,0.1,0.21980033277870217,114.0,118.19434479316729,0.9723202582628165,4.5,2.7548209366391188,2.4,1.0109649122807018,1.0109649122807018,6.405473684210527,2.0,6.5,0.0,6.435721623672543,12.9,0.0,12.857195184476621,0.0,0.0,0.0,0.0,0.0,0.0,0.0,0.0,0.0,3.2,11.11,3.2197015812969516,0.3973064970034834,0.8235642540692332,0.0,0.0,0.0,0.2043747075495072,113.3,0.9912149206902563,0.9830573470454943,1.181208894337056,1.4117162272133505,1.993117804860929,0.33748825552487316,13.402592954956539
125062-55056,C,BOS@SAC,Dario Saric,D. Saric,dario saric,Sacramento Kings,SAC,BOS,BOS @ SAC,BOS @ SAC,3500.0,$3500,3.39,0.11630000000000001,0.2183,110.0,105.33859258555391,1.0345162935446943,1.95,2.0618556701030926,2.060040763549315,1.006578947368421,1.006578947368421,7.029482518619232,20.0,5.9,0.0,5.368720878011532,7.1,5.0,7.032941243459386,2.4,0.0,2.323361421096442,0.0,0.0,0.0,0.0,0.0,0.0,2.4,5.13,2.4659084469722745,0.3891333134699077,0.49437937525373954,0.165947325326854,0.0,0.0,0.17430721973805632,114.2,0.9967055952588462,0.9936465051420605,1.0570023320266198,1.3553196511468901,1.8382661227154071,0.30200066629331995,13.337306062810674
,,,Hunter Sallis,H. Sallis,hunter sallis,Philadelphia 76ers,PHI,DAL,PHI @ DAL,PHI @ DAL,,,1.93,0.2857,0.2201638403990025,116.5,129.66498612499757,0.9208059979461298,2.3333333333333335,2.2222222222222223,2.2224995852051097,1.0109649122807018,1.0109649122807018,4.336457359527506,3.0,12.3,14.29,12.32943800061632,1.8,0.0,1.7910358163489004,7.0,0.0,6.965139285801279,0.0,0.0,0.0,1.8,0.0,1.7978404221861692,8.8,14.29,8.820531131884778,0.4873931280104507,0.07766750446983543,0.28906459295196824,0.0,0.07796258330045251,0.37493370448174673,113.1,0.9899947707861252,0.980704200801813,0.8731450682218167,1.72772336968086,2.984812863773975,0.0,12.401207799408258
125062-231474,SF,MIA@DET,Myron Gardner,M. Gardner,myron gardner,Miami Heat,MIA,DET,MIA @ DET,MIA @ DET,3500.0,$3500,0.98,0.0833,0.21797980295566502,116.0,119.4441450000943,0.9775088758007231,2.2222222222222223,2.4154589371980677,2.4,1.037280701754386,1.037280701754386,2.4396842105263157,18.0,14.3,12.5,14.153065463294075,10.4,5.0600000000000005,10.246335623333904,2.6,2.5,2.5971223899500733,1.3,2.56,1.3088964568465702,0.0,0.0,0.0,0.0,0.0,0.0,0.3281755987219455,0.24997823236001038,0.062041722664252036,0.03193294018982416,0.0,0.0,110.2,0.9723025971762247,0.9465835802684333,0.8170108821198085,1.1841878757012918,1.4035482430805974,0.23343168060565958,13.015493649013928
125062-213178,PG,MIA@DET,Jahmir Young,J. Young,jahmir young,Miami Heat,MIA,DET,MIA @ DET,MIA @ DET,3500.0,$3500,1.02,0.10529999999999999,0.21924039735099338,116.0,119.4441450000943,0.9775088758007231,2.0,2.5062656641604013,2.4,1.037280701754386,1.037280701754386,2.539263157894737,8.0,16.4,0.0,15.772056624066694,3.3,5.56,3.329600130932957,6.6,6.25,6.595415908926312,1.6,5.56,1.6125729230829542,0.0,0.0,0.0,3.3,6.25,3.3290732001424255,0.3806433040367763,0.0845473094299955,0.1639863559579193,0.040947470130031687,0.0,0.08322134133759658,110.2,0.9723025971762247,0.9465835802684333,0.7677006783421482,1.2961862664125035,1.680660509338214,0.21934305095489948,12.976991842168712
125062-228175,C,MIA@DET,Vladislav Goldin,V. Goldin,vladislav goldin,Miami Heat,MIA,DET,MIA @ DET,MIA @ DET,3500.0,$3500,0.18,0.0,0.21981681931723565,116.0,119.4441450000943,0.9775088758007231,2.0,2.1929824561403506,2.1928219517742784,1.037280701754386,1.037280701754386,0.4094229407325922,1.0,0.0,0.0,0.0,0.0,0.0,0.0,50.0,50.0,50.0,0.0,0.0,0.0,0.0,0.0,0.0,0.0,0.0,0.0,0.0,0.0,0.20044719991744955,0.0,0.0,0.0,110.2,0.9723025971762247,0.9465835802684333,0.30067079987617434,0.7090933250219391,0.5028538725449091,0.0859059428217641,12.555633268083096
125062-110312,PG/SG,MIA@DET,Tyler Herro,T. Herro,tyler herro,Miami Heat,MIA,DET,MIA @ DET,MIA @ DET,7800.0,$7800,0.0,,0.22,116.0,119.4441450000943,0.9775088758007231,,2.197802197802198,2.197802197802198,1.037280701754386,1.037280701754386,0.0,,33.1,,33.1,7.1,,7.1,3.3,,3.3,1.4,,1.4,0.7,,0.7,1.7,,1.7,0.0,0.0,0.0,0.0,0.0,0.0,110.2,0.9723025971762247,0.9465835802684333,0.0,0.0,0.0,0.0,10.806866906858694
125062-40783,SG/SF,BOS@SAC,Zach LaVine,Z. LaVine,zach lavine,Sacramento Kings,SAC,BOS,BOS @ SAC,BOS @ SAC,5900.0,$5900,0.0,,0.22,110.0,105.33859258555391,1.0345162935446943,,2.1231422505307855,2.1231422505307855,1.006578947368421,1.006578947368421,0.0,,29.0,,29.0,4.3,,4.3,3.3,,3.3,1.1,,1.1,0.3,,0.3,3.2,,3.2,0.0,0.0,0.0,0.0,0.0,0.0,114.2,0.9967055952588462,0.9936465051420605,0.0,0.0,0.0,0.0,10.866866906858695
125062-14518,SF/PF,MIA@DET,Tobias Harris,T. Harris,tobias harris,Detroit Pistons,DET,MIA,MIA @ DET,MIA @ DET,5400.0,$5400,0.0,,0.22,120.5,133.33523614204162,0.92491494011285,,2.127659574468085,2.127659574468085,1.037280701754386,1.037280701754386,0.0,,23.0,,23.0,7.8,,7.8,4.2,,4.2,1.0,,1.0,0.4,,0.4,1.7,,1.7,0.0,0.0,0.0,0.0,0.0,0.0,112.5,0.986334321073732,0.9736447620707689,0.0,0.0,0.0,0.0,11.166866906858694
125062-228109,PG/SG,HOU@BKN,Egor Demin,E. Demin,egor demin,Brooklyn Nets,BKN,HOU,HOU @ BKN,HOU @ BKN,5200.0,$5200,0.0,0.16870000000000002,0.21383196480938416,103.5,103.35480347616082,1.0010957718924083,2.067073170731707,2.066115702479339,2.0662269915158538,0.9583333333333334,0.9583333333333334,0.0,164.0,19.6,16.22,18.109200322536534,6.2,7.739999999999999,6.520718498045216,6.9,7.08,6.937486577693597,1.8,2.28,1.8285027260418312,0.6,1.14,0.6320655667970599,3.8,2.95,3.6599430135811195,0.0,0.0,0.0,0.0,0.0,0.0,112.9,0.9887746208819942,0.9783510545581318,0.0,0.0,0.0,0.0,11.286866906858695
125062-203802,SG,MIA@DET,Pelle Larsson,P. Larsson,pelle larsson,Miami Heat,MIA,DET,MIA @ DET,MIA @ DET,4200.0,$4200,0.0,,0.22,116.0,119.4441450000943,0.9775088758007231,,2.2123893805309733,2.2123893805309733,1.037280701754386,1.037280701754386,0.0,,18.8,,18.8,5.4,,5.4,6.7,,6.7,1.1,,1.1,0.5,,0.5,1.9,,1.9,0.0,0.0,0.0,0.0,0.0,0.0,110.2,0.9723025971762247,0.9465835802684333,0.0,0.0,0.0,0.0,11.886866906858694
125062-110315,SG/SF,HOU@BKN,Terance Mann,T. Mann,terance mann,Brooklyn Nets,BKN,HOU,HOU @ BKN,HOU @ BKN,4200.0,$4200,0.0,0.1524,0.21204705882352942,103.5,103.35480347616082,1.0010957718924083,1.95625,2.0533880903490758,2.0424518455487006,0.9583333333333334,0.9583333333333334,0.0,160.0,14.6,15.02,14.78152721223097,6.5,5.26,6.249044145703744,6.9,6.39,6.796784285732992,1.4,1.22,1.3896678107458196,0.5,0.3,0.4885197897175773,2.0,2.24,2.0383704653221724,0.0,0.0,0.0,0.0,0.0,0.0,112.9,0.9887746208819942,0.9783510545581318,0.0,0.0,0.0,0.0,11.886866906858694
125062-23798,SG/SF,MIA@DET,Caris LeVert,C. LeVert,caris levert,Detroit Pistons,DET,MIA,MIA @ DET,MIA @ DET,4000.0,$4000,0.0,,0.22,120.5,133.33523614204162,0.92491494011285,,2.1321961620469083,2.1321961620469083,1.037280701754386,1.037280701754386,0.0,,19.6,,19.6,4.1,,4.1,6.5,,6.5,2.0,,2.0,1.3,,1.3,3.2,,3.2,0.0,0.0,0.0,0.0,0.0,0.0,112.5,0.986334321073732,0.9736447620707689,0.0,0.0,0.0,0.0,12.006866906858694
125062-158856,PF/C,PHI@DAL,Trendon Watford,T. Watford,trendon watford,Philadelphia 76ers,PHI,DAL,PHI @ DAL,PHI @ DAL,3800.0,$3800,0.0,0.168,0.21415384615384617,116.5,129.66498612499757,0.9208059979461298,2.1842105263157894,2.1645021645021645,2.166647393436848,1.0109649122807018,1.0109649122807018,0.0,152.0,20.2,18.98,19.684037113972277,10.5,9.739999999999998,10.350791203227255,8.1,8.13,8.10588982092524,1.0,0.91,0.9950156148181988,0.5,0.61,0.5060920263333126,3.4,3.61,3.432517582681823,0.0,0.0,0.0,0.0,0.0,0.0,113.1,0.9899947707861252,0.980704200801813,0.0,0.0,0.0,0.0,12.126866906858695
125062-97263,C,BOS@SAC,Drew Eubanks,D. Eubanks,drew eubanks,Sacramento Kings,SAC,BOS,BOS @ SAC,BOS @ SAC,3700.0,$3700,0.0,0.11710000000000001,0.20843136094674555,110.0,105.33859258555391,1.0345162935446943,2.085526315789474,2.11864406779661,2.1151550372572596,1.006578947368421,1.006578947368421,0.0,152.0,17.6,14.2,16.19232329670189,9.4,9.02,9.327563609106075,1.0,0.95,0.99046889593501,1.5,1.24,1.486090002025691,2.1,2.48,2.120329997039375,2.9,2.84,2.8909927617143136,0.0,0.0,0.0,0.0,0.0,0.0,114.2,0.9967055952588462,0.9936465051420605,0.0,0.0,0.0,0.0,12.186866906858693
125062-59358,PF/C,BOS@SAC,Domantas Sabonis,D. Sabonis,domantas sabonis,Sacramento Kings,SAC,BOS,BOS @ SAC,BOS @ SAC,3500.0,$3500,0.0,,0.22,110.0,105.33859258555391,1.0345162935446943,,2.141327623126338,2.141327623126338,1.006578947368421,1.006578947368421,0.0,,24.2,,24.2,17.3,,17.3,5.2,,5.2,1.7,,1.7,0.3,,0.3,3.6,,3.6,0.0,0.0,0.0,0.0,0.0,0.0,114.2,0.9967055952588462,0.9936465051420605,0.0,0.0,0.0,0.0,12.306866906858694
125062-84682,SF/PF,HOU@BKN,Michael Porter Jr.,M. Jr.,michael porter,Brooklyn Nets,BKN,HOU,HOU @ BKN,HOU @ BKN,8700.0,$8700,34.0,,0.22,103.5,103.35480347616082,1.0010957718924083,,,,0.9583333333333334,0.9583333333333334,,,,,,,,,,,,,,,,,,,,,,,,,,,112.9,0.9887746208819942,0.9783510545581318,,,,0.0,12.537476012822205
125062-58153,SG/SF,PHI@DAL,Kelly Oubre,K. Oubre,kelly oubre,Philadelphia 76ers,PHI,DAL,PHI @ DAL,PHI @ DAL,5200.0,$5200,0.0,,0.22,116.5,129.66498612499757,0.9208059979461298,,,,1.0109649122807018,1.0109649122807018,,,,,,,,,,,,,,,,,,,,,,,,,,,113.1,0.9899947707861252,0.980704200801813,,,,0.0,11.286866906858695
,,,Ron Holland II,R. II,ron holland,Detroit Pistons,DET,MIA,MIA @ DET,MIA @ DET,4200.0,$4200,19.0,,0.22,120.5,133.33523614204162,0.92491494011285,,,,1.037280701754386,1.037280701754386,,,,,,,,,,,,,,,,,,,,,,,,,,,112.5,0.986334321073732,0.9736447620707689,,,,0.0,12.836707261251073
125062-213394,PG,BOS@SAC,Isaiah Stevens,I. Stevens,isaiah stevens,Sacramento Kings,SAC,BOS,BOS @ SAC,BOS @ SAC,3500.0,$3500,0.71,,0.22,110.0,105.33859258555391,1.0345162935446943,,,,1.006578947368421,1.006578947368421,,,,,,,,,,,,,,,,,,,,,,,,,,,114.2,0.9967055952588462,0.9936465051420605,,,,0.0,12.341514308630423
,,,Dennis Smith Jr.,D. Jr.,dennis smith,Dallas Mavericks,DAL,PHI,PHI @ DAL,PHI @ DAL,,,3.21,,0.22,114.0,118.19434479316729,0.9723202582628165,,,,1.0109649122807018,1.0109649122807018,,,,,,,,,,,,,,,,,,,,,,,,,,,113.3,0.9912149206902563,0.9830573470454943,,,,0.0,12.464051261895293
,,,Dalano Banton,D. Banton,dalano banton,Dallas Mavericks,DAL,PHI,PHI @ DAL,PHI @ DAL,,,12.87,,0.22,114.0,118.19434479316729,0.9723202582628165,,,,1.0109649122807018,1.0109649122807018,,,,,,,,,,,,,,,,,,,,,,,,,,,113.3,0.9912149206902563,0.9830573470454943,,,,0.0,12.945239425678853
,,,Kevon Harris,K. Harris,kevon harris,Houston Rockets,HOU,BKN,HOU @ BKN,HOU @ BKN,,,2.93,,0.22,115.0,118.03602388156989,0.9799374923879127,,,,0.9583333333333334,0.9583333333333334,,,,,,,,,,,,,,,,,,,,,,,,,,,116.0,1.007686944396026,1.014824821335193,,,,0.0,12.450285583554692
,,,Kobe Bufkin,K. Bufkin,kobe bufkin,Brooklyn Nets,BKN,HOU,HOU @ BKN,HOU @ BKN,,,8.89,,0.22,103.5,103.35480347616082,1.0010957718924083,,,,0.9583333333333334,0.9583333333333334,,,,,,,,,,,,,,,,,,,,,,,,,,,112.9,0.9887746208819942,0.9783510545581318,,,,0.0,12.745526382101167
