entry_id,contest_id,contest_name,entry_fee,PG,PG,SG,SG,SF,SF,PF,PF,C,"","Instructions"
"3642754904","125017-278536195","$4K Wed NBA Piggy Bank (150 Entries Max)","0.05","125017-110322","125017-145323","125017-157847","125017-110345","125017-84704","125017-157822","125017-66048","125017-68090","125017-145322","","1) Edit your lineup by inserting any player from this list into their appropriate position columns"
"3642754911","125017-278536195","$4K Wed NBA Piggy Bank (150 Entries Max)","0.05","125017-66108","125017-145323","125017-157849","125017-157847","125017-145328","125017-157822","125017-110310","125017-171761","125017-14503","","2) You can paste either the Player ID + Name OR ID from their respective columns"
"3642754916","125017-278536195","$4K Wed NBA Piggy Bank (150 Entries Max)","0.05","125017-145323","125017-171804","125017-66108","125017-157849","125017-145328","125017-157822","125017-110310","125017-203761","125017-14503","","3) Any information to the right of the last position column will be ignored in the upload. Don't leave blank rows. Any entries after a blank row will not be edited"
"3642754921","125017-278536195","$4K Wed NBA Piggy Bank (150 Entries Max)","0.05","125017-145323","125017-84690","125017-157847","125017-157849","125017-157822","125017-188447","125017-203761","125017-110310","125017-14503","","4) You can not use this form to create new entries"
"3642754930","125017-278536195","$4K Wed NBA Piggy Bank (150 Entries Max)","0.05","125017-145323","125017-66108","125017-157849","125017-145348","125017-157822","125017-68090","125017-110310","125017-203761","125017-145322",""
"3642754933","125017-278536195","$4K Wed NBA Piggy Bank (150 Entries Max)","0.05","125017-171772","125017-228180","125017-145323","125017-66108","125017-157847","125017-203761","125017-110310","125017-58462","125017-145322","",Player ID + Player Name,Id,Position,First Name,Nickname,Last Name,FPPG,Played,Salary,Game,Team,Opponent,Injury Indicator,Injury Details,Tier,,,Roster Position
"3642754938","125017-278536195","$4K Wed NBA Piggy Bank (150 Entries Max)","0.05","125017-145323","125017-84690","125017-84704","125017-157847","125017-145328","125017-203761","125017-58462","125017-110310","125017-145322","",125017-188414:Victor Wembanyama,125017-188414,C/PF,Victor,Victor Wembanyama,Wembanyama,51.529998779296875,20,11400,NY@SA,SA,NY,,,,,,PF/C
"3642754943","125017-278536195","$4K Wed NBA Piggy Bank (150 Entries Max)","0.05","125017-84690","125017-110322","125017-157849","125017-145323","125017-157822","125017-84704","125017-58462","125017-110310","125017-145322","",125017-84680:Shai Gilgeous-Alexander,125017-84680,PG,Shai,Shai Gilgeous-Alexander,Gilgeous-Alexander,52.259376525878906,32,11100,POR@OKC,OKC,POR,,,,,,PG
"3642754944","125017-278536195","$4K Wed NBA Piggy Bank (150 Entries Max)","0.05","125017-84690","125017-145323","125017-203723","125017-157849","125017-68090","125017-157822","125017-110310","125017-171761","125017-145322","",125017-40199:Giannis Antetokounmpo,125017-40199,PF,Giannis,Giannis Antetokounmpo,Antetokounmpo,51.51578883120888,19,10600,WAS@MIL,MIL,WAS,,,,,,PF
"3642754946","125017-278536195","$4K Wed NBA Piggy Bank (150 Entries Max)","0.05","125017-66108","125017-203723","125017-157849","125017-145323","125017-157822","125017-68090","125017-171759","125017-145328","125017-145322","",125017-145539:Deni Avdija,125017-145539,SF/PF,Deni,Deni Avdija,Avdija,44.81515225497159,33,9800,POR@OKC,POR,OKC,,,,,,SF/PF
"3642754950","125017-278536195","$4K Wed NBA Piggy Bank (150 Entries Max)","0.05","125017-66108","125017-110322","125017-145323","125017-84704","125017-68090","125017-145328","125017-110310","125017-157822","125017-14503","",125017-84690:Jalen Brunson,125017-84690,PG,Jalen,Jalen Brunson,Brunson,43.48275862068966,29,9300,NY@SA,NY,SA,,,,,,PG
"3642754954","125017-278536195","$4K Wed NBA Piggy Bank (150 Entries Max)","0.05","125017-84680","125017-145323","125017-157849","125017-66108","125017-157847","125017-15846","125017-68090","125017-145328","125017-145322","",125017-66108:Jamal Murray,125017-66108,PG/SG,Jamal,Jamal Murray,Murray,42.56129111013105,31,9100,DEN@TOR,DEN,TOR,,,,,,PG/SG
"3642754957","125017-278536195","$4K Wed NBA Piggy Bank (150 Entries Max)","0.05","125017-203723","125017-171772","125017-145323","125017-157847","125017-145328","125017-157822","125017-203761","125017-110310","125017-145322","",125017-157905:Josh Giddey,125017-157905,PG/SG,Josh,Josh Giddey,Giddey,43.78666585286458,30,9000,NO@CHI,CHI,NO,O,Hamstring,,,,PG/SG
"3642754960","125017-278536195","$4K Wed NBA Piggy Bank (150 Entries Max)","0.05","125017-110345","125017-145323","125017-157849","125017-171772","125017-203761","125017-157847","125017-171759","125017-110310","125017-14503","",125017-58462:Karl-Anthony Towns,125017-58462,C/PF,Karl-Anthony,Karl-Anthony Towns,Towns,42.7566650390625,30,8900,NY@SA,NY,SA,,,,,,PF/C
"3642754963","125017-278536195","$4K Wed NBA Piggy Bank (150 Entries Max)","0.05","125017-145323","125017-80810","125017-157849","125017-171772","125017-157822","125017-157847","125017-110310","125017-145328","125017-145322","",125017-110345:Kevin Porter,125017-110345,PG/SG,Kevin,Kevin Porter,Porter,41.57856968470982,14,8600,WAS@MIL,MIL,WAS,,,,,,PG/SG
"3642754968","125017-278536195","$4K Wed NBA Piggy Bank (150 Entries Max)","0.05","125017-145323","125017-66108","125017-84670","125017-157849","125017-157847","125017-84704","125017-145328","125017-58462","125017-14503","",125017-157822:Scottie Barnes,125017-157822,PF/SF,Scottie,Scottie Barnes,Barnes,42.97352869370405,34,8500,DEN@TOR,TOR,DEN,,,,,,SF/PF
"3642754971","125017-278536195","$4K Wed NBA Piggy Bank (150 Entries Max)","0.05","125017-203723","125017-145323","125017-110345","125017-84694","125017-203761","125017-157847","125017-157822","125017-110310","125017-145322","",125017-66048:Brandon Ingram,125017-66048,SF/PF,Brandon,Brandon Ingram,Ingram,36.00882496553309,34,8200,DEN@TOR,TOR,DEN,,,,,,SF/PF
"3642754976","125017-278536195","$4K Wed NBA Piggy Bank (150 Entries Max)","0.05","125017-84690","125017-145323","125017-84704","125017-157849","125017-157822","125017-68090","125017-203761","125017-110310","125017-14503","",125017-80810:De'Aaron Fox,125017-80810,PG,De'Aaron,De'Aaron Fox,Fox,37.11739183508831,23,8200,NY@SA,SA,NY,,,,,,PG
"3642754979","125017-278536195","$4K Wed NBA Piggy Bank (150 Entries Max)","0.05","125017-145323","125017-110345","125017-157849","125017-66108","125017-145328","125017-84704","125017-58462","125017-171759","125017-145322","",125017-171760:Jalen Williams,125017-171760,SF/PF,Jalen,Jalen Williams,Williams,36.20714242117746,14,8100,POR@OKC,OKC,POR,,,,,,SF/PF
"3642754985","125017-278536195","$4K Wed NBA Piggy Bank (150 Entries Max)","0.05","125017-145323","125017-84690","125017-228180","125017-157849","125017-66048","125017-203761","125017-58462","125017-110310","125017-14503","",125017-110310:Zion Williamson,125017-110310,PF,Zion,Zion Williamson,Williamson,36.894443088107636,18,7700,NO@CHI,NO,CHI,,,,,,PF
"3642754998","125017-278536195","$4K Wed NBA Piggy Bank (150 Entries Max)","0.05","125017-110345","125017-145323","125017-110322","125017-157849","125017-171760","125017-157847","125017-157822","125017-145328","125017-14503","",125017-203723:Stephon Castle,125017-203723,SG/PG,Stephon,Stephon Castle,Castle,36.03043531334919,23,7600,NY@SA,SA,NY,,,,,,PG/SG
"3642755000","125017-278536195","$4K Wed NBA Piggy Bank (150 Entries Max)","0.05","125017-145323","125017-110322","125017-157847","125017-157849","125017-157822","125017-203761","125017-110310","125017-145328","125017-58462","",125017-40562:Josh Hart,125017-40562,SF/PF,Josh,Josh Hart,Hart,32.285714285714285,28,7400,NY@SA,NY,SA,O,Ankle,,,,SF/PF
"3642755004","125017-278536195","$4K Wed NBA Piggy Bank (150 Entries Max)","0.05","125017-145323","125017-110345","125017-157849","125017-145348","125017-157847","125017-172098","125017-110310","125017-157822","125017-14503","",125017-157847:Trey Murphy,125017-157847,SF/SG,Trey,Trey Murphy,Murphy,36.734375,32,7400,NO@CHI,NO,CHI,,,,,,SG/SF
"3642755008","125017-278536195","$4K Wed NBA Piggy Bank (150 Entries Max)","0.05","125017-145323","125017-66108","125017-157849","125017-203808","125017-68090","125017-145328","125017-110310","125017-157822","125017-14503","",125017-145348:Immanuel Quickley,125017-145348,PG/SG,Immanuel,Immanuel Quickley,Quickley,32.74545380563447,33,7300,DEN@TOR,TOR,DEN,,,,,,PG/SG
"3642755014","125017-278536195","$4K Wed NBA Piggy Bank (150 Entries Max)","0.05","125017-203723","125017-110345","125017-84670","125017-145323","125017-157847","125017-203761","125017-145328","125017-110310","125017-145322","",125017-171804:Shaedon Sharpe,125017-171804,SG/PG,Shaedon,Shaedon Sharpe,Sharpe,33.07930992389547,29,7200,POR@OKC,POR,OKC,,,,,,PG/SG
"3642755018","125017-278536195","$4K Wed NBA Piggy Bank (150 Entries Max)","0.05","125017-110345","125017-66108","125017-145323","125017-157849","125017-157847","125017-145308","125017-157822","125017-145328","125017-14503","",125017-14514:Nikola Vucevic,125017-14514,C,Nikola,Nikola Vucevic,Vucevic,33.85161369077621,31,7200,NO@CHI,CHI,NO,,,,,,C
"3642755022","125017-278536195","$4K Wed NBA Piggy Bank (150 Entries Max)","0.05","125017-66108","125017-145348","125017-157849","125017-145323","125017-157847","125017-203761","125017-110310","125017-203764","125017-145322","",125017-84670:Mikal Bridges,125017-84670,SG/SF,Mikal,Mikal Bridges,Bridges,35.140625,32,7100,NY@SA,NY,SA,,,,,,SG/SF
"3642755026","125017-278536195","$4K Wed NBA Piggy Bank (150 Entries Max)","0.05","125017-203723","125017-66108","125017-145323","125017-157849","125017-84694","125017-203761","125017-145539","125017-110310","125017-145322","",125017-203764:Alex Sarr,125017-203764,C/PF,Alex,Alex Sarr,Sarr,38.99545565518466,22,7100,WAS@MIL,WAS,MIL,,,,,,PF/C
"3642755031","125017-278536195","$4K Wed NBA Piggy Bank (150 Entries Max)","0.05","125017-84690","125017-145323","125017-84704","125017-157849","125017-68090","125017-203761","125017-157822","125017-110310","125017-203714","",125017-171759:Chet Holmgren,125017-171759,C/PF,Chet,Chet Holmgren,Holmgren,34.58571515764509,28,7000,POR@OKC,OKC,POR,,,,,,PF/C
"3642755036","125017-278536195","$4K Wed NBA Piggy Bank (150 Entries Max)","0.05","125017-145323","125017-84680","125017-228180","125017-157849","125017-157822","125017-145328","125017-110310","125017-68090","125017-145322","",125017-228132:Derik Queen,125017-228132,PF/C,Derik,Derik Queen,Queen,30.861766142003678,34,6900,NO@CHI,NO,CHI,,,,,,PF/C
"3642755040","125017-278536195","$4K Wed NBA Piggy Bank (150 Entries Max)","0.05","125017-66108","125017-228180","125017-145323","125017-157849","125017-66048","125017-171760","125017-145328","125017-157822","125017-14503","",125017-171772:Ryan Rollins,125017-171772,PG/SG,Ryan,Ryan Rollins,Rollins,34.11818255800189,33,6900,WAS@MIL,MIL,WAS,,,,,,PG/SG
"3642755044","125017-278536195","$4K Wed NBA Piggy Bank (150 Entries Max)","0.05","125017-145323","125017-171772","125017-84704","125017-157847","125017-157822","125017-68090","125017-110310","125017-145328","125017-14503","",125017-68090:OG Anunoby,125017-68090,SF/PF,OG,OG Anunoby,Anunoby,30.886363636363637,22,6700,NY@SA,NY,SA,,,,,,SF/PF
"3642755048","125017-278536195","$4K Wed NBA Piggy Bank (150 Entries Max)","0.05","125017-145323","125017-66108","125017-157849","125017-23981","125017-157822","125017-157847","125017-66048","125017-68090","125017-14503","",125017-23831:Jerami Grant,125017-23831,PF/SF,Jerami,Jerami Grant,Grant,30.634615384615383,26,6500,POR@OKC,POR,OKC,O,Achilles,,,,SF/PF
"3642755052","125017-278536195","$4K Wed NBA Piggy Bank (150 Entries Max)","0.05","125017-145323","125017-145348","125017-66108","125017-23981","125017-157822","125017-157847","125017-203761","125017-110310","125017-145322","",125017-110326:Coby White,125017-110326,SG/PG,Coby,Coby White,White,29.168750762939453,16,6500,NO@CHI,CHI,NO,O,Calf,,,,PG/SG
"3642755056","125017-278536195","$4K Wed NBA Piggy Bank (150 Entries Max)","0.05","125017-228180","125017-84690","125017-145323","125017-66108","125017-157847","125017-203761","125017-157822","125017-188416","125017-145322","",125017-41594:Aaron Gordon,125017-41594,PF,Aaron,Aaron Gordon,Gordon,29.45384568434495,13,6400,DEN@TOR,DEN,TOR,O,Hamstring,,,,PF
"3642755060","125017-278536195","$4K Wed NBA Piggy Bank (150 Entries Max)","0.05","125017-171804","125017-66108","125017-145323","125017-145348","125017-145328","125017-203761","125017-157822","125017-171761","125017-14503","",125017-203722:Kyshawn George,125017-203722,SF/SG,Kyshawn,Kyshawn George,George,32.0407398365162,27,6400,WAS@MIL,WAS,MIL,O,Hip,,,,SG/SF
"3642755063","125017-278536195","$4K Wed NBA Piggy Bank (150 Entries Max)","0.05","125017-171772","125017-110345","125017-157849","125017-145323","125017-68090","125017-145328","125017-110310","125017-66048","125017-14503","",125017-42156:Bobby Portis,125017-42156,PF/C,Bobby,Bobby Portis,Portis,23.82424279415246,33,6300,WAS@MIL,MIL,WAS,,,,,,PF/C
"3642755068","125017-278536195","$4K Wed NBA Piggy Bank (150 Entries Max)","0.05","125017-66108","125017-84690","125017-157849","125017-15846","125017-157847","125017-84704","125017-110310","125017-171759","125017-145322","",125017-9663:Jrue Holiday,125017-9663,PG,Jrue,Jrue Holiday,Holiday,37.925000508626304,12,6300,POR@OKC,POR,OKC,O,Calf,,,,PG
"3642755073","125017-278536195","$4K Wed NBA Piggy Bank (150 Entries Max)","0.05","125017-110345","125017-145323","125017-171772","125017-157849","125017-84670","125017-157847","125017-171759","125017-110310","125017-145322","",125017-19067:CJ McCollum,125017-19067,SG/PG,CJ,CJ McCollum,McCollum,29.548387096774192,31,6200,WAS@MIL,WAS,MIL,,,,,,PG/SG
"3642755076","125017-278536195","$4K Wed NBA Piggy Bank (150 Entries Max)","0.05","125017-145323","125017-84680","125017-110322","125017-84704","125017-157847","125017-203761","125017-145328","125017-110310","125017-14503","",125017-110357:RJ Barrett,125017-110357,SG/SF,RJ,RJ Barrett,Barrett,32.099999321831596,18,6100,DEN@TOR,TOR,DEN,,,,,,SG/SF
"3642755087","125017-278536195","$4K Wed NBA Piggy Bank (150 Entries Max)","0.05","125017-203723","125017-66108","125017-145323","125017-157849","125017-157822","125017-110347","125017-145328","125017-58462","125017-145322","",125017-80825:Isaiah Hartenstein,125017-80825,C,Isaiah,Isaiah Hartenstein,Hartenstein,31.6374994913737,24,6100,POR@OKC,OKC,POR,O,Calf,,,,C
"3642755094","125017-278536195","$4K Wed NBA Piggy Bank (150 Entries Max)","0.05","125017-145323","125017-66108","125017-84670","125017-84704","125017-84694","125017-157822","125017-68090","125017-110310","125017-14503","",125017-203714:Donovan Clingan,125017-203714,C,Donovan,Donovan Clingan,Clingan,31.375862910829742,29,6100,POR@OKC,POR,OKC,,,,,,C
"3642755100","125017-278536195","$4K Wed NBA Piggy Bank (150 Entries Max)","0.05","125017-66108","125017-84690","125017-15846","125017-157849","125017-84670","125017-157847","125017-171761","125017-110310","125017-145322","",125017-157846:Sandro Mamukelashvili,125017-157846,C,Sandro,Sandro Mamukelashvili,Mamukelashvili,21.872726902817234,33,6000,DEN@TOR,TOR,DEN,,,,,,C
"3642755106","125017-278536195","$4K Wed NBA Piggy Bank (150 Entries Max)","0.05","125017-145323","125017-80810","125017-157849","125017-157847","125017-171760","125017-68090","125017-145328","125017-110310","125017-14503","",125017-145328:Saddiq Bey,125017-145328,SF/PF,Saddiq,Saddiq Bey,Bey,28.015151515151516,33,5900,NO@CHI,NO,CHI,,,,,,SF/PF
"3642755111","125017-278536195","$4K Wed NBA Piggy Bank (150 Entries Max)","0.05","125017-84690","125017-145323","125017-23981","125017-157847","125017-157822","125017-145328","125017-110310","125017-171759","125017-145322","",125017-203808:Ajay Mitchell,125017-203808,PG/SG,Ajay,Ajay Mitchell,Mitchell,27.448387884324596,31,5700,POR@OKC,OKC,POR,,,,,,PG/SG
"3642755117","125017-278536195","$4K Wed NBA Piggy Bank (150 Entries Max)","0.05","125017-84690","125017-66108","125017-157847","125017-157849","125017-172098","125017-145328","125017-68090","125017-110310","125017-145322","",125017-58253:Myles Turner,125017-58253,C,Myles,Myles Turner,Turner,27.35757538766572,33,5700,WAS@MIL,MIL,WAS,,,,,,C
"3642755123","125017-278536195","$4K Wed NBA Piggy Bank (150 Entries Max)","0.05","125017-145323","125017-84690","125017-84694","125017-157849","125017-157847","125017-188447","125017-145539","125017-110310","125017-14503","",125017-203761:Matas Buzelis,125017-203761,PF/SF,Matas,Matas Buzelis,Buzelis,27.140625,32,5700,NO@CHI,CHI,NO,,,,,,SF/PF
"3642755126","125017-278536195","$4K Wed NBA Piggy Bank (150 Entries Max)","0.05","125017-145323","125017-188415","125017-66108","125017-157849","125017-157822","125017-84670","125017-110310","125017-228132","125017-14503","",125017-228131:Jeremiah Fears,125017-228131,PG/SG,Jeremiah,Jeremiah Fears,Fears,25.3852933995864,34,5600,NO@CHI,NO,CHI,,,,,,PG/SG
"3642755132","125017-278536195","$4K Wed NBA Piggy Bank (150 Entries Max)","0.05","125017-228180","125017-66108","125017-145323","125017-110345","125017-84670","125017-203761","125017-110310","125017-171759","125017-145322","",125017-188416:Bilal Coulibaly,125017-188416,SF/PF,Bilal,Bilal Coulibaly,Coulibaly,24.676470588235293,17,5500,WAS@MIL,WAS,MIL,,,,,,SF/PF
"3642755138","125017-278536195","$4K Wed NBA Piggy Bank (150 Entries Max)","0.05","125017-84690","125017-66108","125017-157849","125017-110322","125017-110347","125017-203761","125017-110310","125017-157822","125017-145322","",125017-14503:Jonas Valanciunas,125017-14503,C,Jonas,Jonas Valanciunas,Valanciunas,16.421875,32,5500,DEN@TOR,DEN,TOR,,,,,,C
"3642755142","125017-278536195","$4K Wed NBA Piggy Bank (150 Entries Max)","0.05","125017-145323","125017-66108","125017-84694","125017-110345","125017-157847","125017-145341","125017-157822","125017-110310","125017-145322","",125017-110322:Jordan Poole,125017-110322,PG/SG,Jordan,Jordan Poole,Poole,25.819999186197915,15,5500,NO@CHI,NO,CHI,,,,,,PG/SG
"3642755147","125017-278536195","$4K Wed NBA Piggy Bank (150 Entries Max)","0.05","125017-66108","125017-171804","125017-228180","125017-157849","125017-84670","125017-157847","125017-157822","125017-203761","125017-14503","",125017-58377:Kyle Kuzma,125017-58377,SF/PF,Kyle,Kyle Kuzma,Kuzma,24.683871361517138,31,5400,WAS@MIL,MIL,WAS,,,,,,SF/PF
"3642755154","125017-278536195","$4K Wed NBA Piggy Bank (150 Entries Max)","0.05","125017-66108","125017-145323","125017-157849","125017-171772","125017-145328","125017-157847","125017-40199","125017-171761","125017-145322","",125017-145323:Tre Jones,125017-145323,SG/PG,Tre,Tre Jones,Jones,26.834615854116585,26,5400,NO@CHI,CHI,NO,,,,,,PG/SG
"3642755159","125017-278536195","$4K Wed NBA Piggy Bank (150 Entries Max)","0.05","125017-110345","125017-171772","125017-228118","125017-145323","125017-68090","125017-145328","125017-110310","125017-157822","125017-14503","",125017-145324:Devin Vassell,125017-145324,SF/SG,Devin,Devin Vassell,Vassell,26.634374618530273,32,5400,NY@SA,SA,NY,O,Groin,,,,SG/SF
"3642755164","125017-278536195","$4K Wed NBA Piggy Bank (150 Entries Max)","0.05","125017-145323","125017-203723","125017-66108","125017-171772","125017-84704","125017-68090","125017-145328","125017-157822","125017-145322","",125017-110316:Cameron Johnson,125017-110316,SF/PF,Cameron,Cameron Johnson,Johnson,21.214285714285715,28,5400,DEN@TOR,DEN,TOR,O,Knee,,,,SF/PF
"3642755166","125017-278536195","$4K Wed NBA Piggy Bank (150 Entries Max)","0.05","125017-228180","125017-84690","125017-171772","125017-145323","125017-157822","125017-203761","125017-145328","125017-110310","125017-203714","",125017-228126:Dylan Harper,125017-228126,SG/PG,Dylan,Dylan Harper,Harper,23.62727217240767,22,5300,NY@SA,SA,NY,,,,,,PG/SG
"3642755168","125017-278536195","$4K Wed NBA Piggy Bank (150 Entries Max)","0.05","125017-145323","125017-80810","125017-110345","125017-66108","125017-172098","125017-84704","125017-110310","125017-203761","125017-14503","",125017-41083:Luke Kornet,125017-41083,C,Luke,Luke Kornet,Kornet,23.729166666666668,24,5300,NY@SA,SA,NY,,,,,,C
"3642755173","125017-278536195","$4K Wed NBA Piggy Bank (150 Entries Max)","0.05","125017-66108","125017-145323","125017-171804","125017-171772","125017-157822","125017-15846","125017-203761","125017-68090","125017-14503","",125017-84704:Kevin Huerter,125017-84704,SF/SG,Kevin,Kevin Huerter,Huerter,22.39999954788773,27,5300,NO@CHI,CHI,NO,,,,,,SG/SF
"3642755177","125017-278536195","$4K Wed NBA Piggy Bank (150 Entries Max)","0.05","125017-84690","125017-66108","125017-145323","125017-16261","125017-157847","125017-203761","125017-145328","125017-203764","125017-14503","",125017-171761:Peyton Watson,125017-171761,PF,Peyton,Peyton Watson,Watson,23.00666707356771,30,5300,DEN@TOR,DEN,TOR,,,,,,PF
"3642755179","125017-278536195","$4K Wed NBA Piggy Bank (150 Entries Max)","0.05","125017-84690","125017-145323","125017-157849","125017-203798","125017-145328","125017-157847","125017-157822","125017-110310","125017-203714","",125017-188447:Toumani Camara,125017-188447,SF/PF,Toumani,Toumani Camara,Camara,25.442423502604168,33,5200,POR@OKC,POR,OKC,,,,,,SF/PF
"3642755190","125017-278536195","$4K Wed NBA Piggy Bank (150 Entries Max)","0.05","125017-145348","125017-66108","125017-145323","125017-157849","125017-157847","125017-145328","125017-203761","125017-171760","125017-14503","",125017-157849:Ayo Dosunmu,125017-157849,SG,Ayo,Ayo Dosunmu,Dosunmu,22.75384521484375,26,5000,NO@CHI,CHI,NO,,,,,,SG
"3642755194","125017-278536195","$4K Wed NBA Piggy Bank (150 Entries Max)","0.05","125017-66108","125017-171772","125017-145323","125017-203723","125017-23981","125017-203761","125017-157822","125017-110310","125017-145322","",125017-207562:Spencer Jones,125017-207562,SF/PF,Spencer,Spencer Jones,Jones,13.74642835344587,28,5000,DEN@TOR,DEN,TOR,,,,,,SF/PF
"3642755199","125017-278536195","$4K Wed NBA Piggy Bank (150 Entries Max)","0.05","125017-145323","125017-66108","125017-228131","125017-157847","125017-203761","125017-68090","125017-157822","125017-171759","125017-145322","",125017-203721:Bub Carrington,125017-203721,PG,Bub,Bub Carrington,Carrington,19.832257670740926,31,5000,WAS@MIL,WAS,MIL,,,,,,PG
"3642755203","125017-278536195","$4K Wed NBA Piggy Bank (150 Entries Max)","0.05","125017-171772","125017-84690","125017-110322","125017-145323","125017-157847","125017-203761","125017-68090","125017-157822","125017-145322","",125017-58378:Jakob Poeltl,125017-58378,C,Jakob,Jakob Poeltl,Poeltl,24.471429734002974,21,4900,DEN@TOR,TOR,DEN,O,Back,,,,C
"3642755205","125017-278536195","$4K Wed NBA Piggy Bank (150 Entries Max)","0.05","125017-110345","125017-110322","125017-145323","125017-157849","125017-68090","125017-84704","125017-145539","125017-110310","125017-14503","",125017-84679:Marvin Bagley,125017-84679,C,Marvin,Marvin Bagley,Bagley,21.81538508488582,26,4900,WAS@MIL,WAS,MIL,,,,,,C
"3642755209","125017-278536195","$4K Wed NBA Piggy Bank (150 Entries Max)","0.05","125017-110322","125017-66108","125017-157847","125017-157849","125017-188447","125017-157822","125017-110310","125017-171761","125017-14503","",125017-84709:Mitchell Robinson,125017-84709,C,Mitchell,Mitchell Robinson,Robinson,21.881817904385652,22,4800,NY@SA,NY,SA,O,Ankle,,,,C
"3642755212","125017-278536195","$4K Wed NBA Piggy Bank (150 Entries Max)","0.05","125017-66108","125017-110345","125017-145323","125017-157849","125017-157847","125017-228167","125017-171759","125017-58462","125017-145322","",125017-158855:Justin Champagnie,125017-158855,SF/PF,Justin,Justin Champagnie,Champagnie,16.441378889412714,29,4700,WAS@MIL,WAS,MIL,,,,,,SF/PF
"3642755215","125017-278536195","$4K Wed NBA Piggy Bank (150 Entries Max)","0.05","125017-66108","125017-145323","125017-171804","125017-157849","125017-145539","125017-84694","125017-110310","125017-145328","125017-145322","",125017-15846:Tim Hardaway,125017-15846,SF/SG,Tim,Tim Hardaway,Hardaway,19.409374237060547,32,4700,DEN@TOR,DEN,TOR,,,,,,SG/SF
"3642755217","125017-278536195","$4K Wed NBA Piggy Bank (150 Entries Max)","0.05","125017-66108","125017-84690","125017-145323","125017-228118","125017-84670","125017-84704","125017-110310","125017-203761","125017-14503","",125017-15946:Harrison Barnes,125017-15946,PF/SF,Harrison,Harrison Barnes,Barnes,21.478124618530273,32,4600,NY@SA,SA,NY,,,,,,SF/PF
"3642755219","125017-278536195","$4K Wed NBA Piggy Bank (150 Entries Max)","0.05","125017-145323","125017-19067","125017-110345","125017-157849","125017-157822","125017-157847","125017-188416","125017-58462","125017-145322","",125017-157824:Miles McBride,125017-157824,PG/SG,Miles,Miles McBride,McBride,20.44285656156994,21,4600,NY@SA,NY,SA,,,,,,PG/SG
"3642755222","125017-278536195","$4K Wed NBA Piggy Bank (150 Entries Max)","0.05","125017-203723","125017-66108","125017-84704","125017-157849","125017-157822","125017-157847","125017-110347","125017-110310","125017-145322","",125017-84694:Bruce Brown,125017-84694,SF/SG,Bruce,Bruce Brown,Brown,18.274999618530273,32,4600,DEN@TOR,DEN,TOR,,,,,,SG/SF
"3642755225","125017-278536195","$4K Wed NBA Piggy Bank (150 Entries Max)","0.05","125017-145323","125017-171772","125017-15846","125017-66108","125017-203761","125017-157847","125017-66048","125017-171759","125017-14503","",125017-84708:Robert Williams,125017-84708,C,Robert,Robert Williams,Williams,20.457143147786457,21,4600,POR@OKC,POR,OKC,,,,,,C
"3642755228","125017-278536195","$4K Wed NBA Piggy Bank (150 Entries Max)","0.05","125017-66108","125017-171772","125017-157849","125017-203723","125017-203761","125017-157847","125017-171761","125017-110310","125017-145322","",125017-188415:Cason Wallace,125017-188415,SG/PG,Cason,Cason Wallace,Wallace,21.828125,32,4600,POR@OKC,OKC,POR,,,,,,PG/SG
"3642755231","125017-278536195","$4K Wed NBA Piggy Bank (150 Entries Max)","0.05","125017-84690","125017-66108","125017-157849","125017-84694","125017-145328","125017-157847","125017-171761","125017-157822","125017-145322","",125017-110347:Keldon Johnson,125017-110347,SF/PF,Keldon,Keldon Johnson,Johnson,24.118749618530273,32,4500,NY@SA,SA,NY,,,,,,SF/PF
"3642755232","125017-278536195","$4K Wed NBA Piggy Bank (150 Entries Max)","0.05","125017-84690","125017-145348","125017-145323","125017-171772","125017-15846","125017-203761","125017-110310","125017-157822","125017-145322","",125017-228118:Tre Johnson,125017-228118,SG/PG,Tre,Tre Johnson,Johnson,19.304166158040363,24,4500,WAS@MIL,WAS,MIL,,,,,,PG/SG
"3642755234","125017-278536195","$4K Wed NBA Piggy Bank (150 Entries Max)","0.05","125017-66108","125017-80810","125017-110322","125017-145323","125017-157847","125017-188416","125017-145328","125017-157822","125017-145322","",125017-203798:Jamal Shead,125017-203798,PG/SG,Jamal,Jamal Shead,Shead,19.155881993910846,34,4400,DEN@TOR,TOR,DEN,,,,,,PG/SG
"3642755237","125017-278536195","$4K Wed NBA Piggy Bank (150 Entries Max)","0.05","125017-110322","125017-110345","125017-145323","125017-228180","125017-157822","125017-157847","125017-145328","125017-110310","125017-203714","",125017-172098:Julian Champagnie,125017-172098,SG/SF,Julian,Julian Champagnie,Champagnie,21.581249237060547,32,4400,NY@SA,SA,NY,,,,,,SG/SF
"3642755241","125017-278536195","$4K Wed NBA Piggy Bank (150 Entries Max)","0.05","125017-145323","125017-171772","125017-66108","125017-110345","125017-188447","125017-203761","125017-110310","125017-228132","125017-145322","",125017-157848:Herbert Jones,125017-157848,SF/PF,Herbert,Herbert Jones,Jones,22.418182373046875,22,4400,NO@CHI,NO,CHI,O,Ankle,,,,SF/PF
"3642755244","125017-278536195","$4K Wed NBA Piggy Bank (150 Entries Max)","0.05","125017-80810","125017-145323","125017-157849","125017-110345","125017-157847","125017-188447","125017-157822","125017-203764","125017-145322","",125017-20640:Jordan Clarkson,125017-20640,SG/PG,Jordan,Jordan Clarkson,Clarkson,15.356249809265137,32,4400,NY@SA,NY,SA,,,,,,PG/SG
"3642755249","125017-278536195","$4K Wed NBA Piggy Bank (150 Entries Max)","0.05","125017-84690","125017-145323","125017-66108","125017-84694","125017-171760","125017-157847","125017-203761","125017-145328","125017-145322","",125017-145322:Jalen Smith,125017-145322,C,Jalen,Jalen Smith,Smith,19.955555103443288,27,4400,NO@CHI,CHI,NO,,,,,,C
"3642755266","125017-278536195","$4K Wed NBA Piggy Bank (150 Entries Max)","0.05","125017-145323","125017-66108","125017-19067","125017-203798","125017-145328","125017-157822","125017-110310","125017-203764","125017-14503","",125017-203789:Tyler Kolek,125017-203789,PG,Tyler,Tyler Kolek,Kolek,12.54642813546317,28,4300,NY@SA,NY,SA,,,,,,PG
"3642755269","125017-278536195","$4K Wed NBA Piggy Bank (150 Entries Max)","0.05","125017-145348","125017-66108","125017-84694","125017-145323","125017-68090","125017-157847","125017-110310","125017-203761","125017-14503","",125017-228122:Collin Murray-Boyles,125017-228122,PF/SF,Collin,Collin Murray-Boyles,Murray-Boyles,16.037037037037038,27,4300,DEN@TOR,TOR,DEN,,,,,,SF/PF
"3642755274","125017-278536195","$4K Wed NBA Piggy Bank (150 Entries Max)","0.05","125017-145348","125017-145323","125017-228118","125017-157849","125017-157847","125017-157822","125017-110310","125017-58462","125017-145322","",125017-228180:Caleb Love,125017-228180,SG/PG,Caleb,Caleb Love,Love,15.695999755859376,25,4300,POR@OKC,POR,OKC,,,,,,PG/SG
"3642755278","125017-278536195","$4K Wed NBA Piggy Bank (150 Entries Max)","0.05","125017-110322","125017-84690","125017-157849","125017-145323","125017-203761","125017-157822","125017-171761","125017-110310","125017-14514","",125017-16261:Khris Middleton,125017-16261,SG/SF,Khris,Khris Middleton,Middleton,21.894999694824218,20,4300,WAS@MIL,WAS,MIL,,,,,,SG/SF
"3642755283","125017-278536195","$4K Wed NBA Piggy Bank (150 Entries Max)","0.05","125017-145323","125017-84690","125017-157849","125017-228131","125017-157847","125017-84704","125017-145539","125017-110310","125017-145322","",125017-111273:Luguentz Dort,125017-111273,SF/SG,Luguentz,Luguentz Dort,Dort,17.3125,24,4300,POR@OKC,OKC,POR,,,,,,SG/SF
"3642755287","125017-278536195","$4K Wed NBA Piggy Bank (150 Entries Max)","0.05","125017-145323","125017-145348","125017-157849","125017-110345","125017-15846","125017-66048","125017-110310","125017-157822","125017-145322","",125017-80815:Zach Collins,125017-80815,C/PF,Zach,Zach Collins,Collins,19.469999694824217,10,4300,NO@CHI,CHI,NO,O,Toe,,,,PF/C
"3642755295","125017-278536195","$4K Wed NBA Piggy Bank (150 Entries Max)","0.05","125017-66108","125017-110345","125017-157847","125017-157849","125017-172098","125017-157822","125017-203761","125017-228132","125017-145322","",125017-188428:Scoot Henderson,125017-188428,PG,Scoot,Scoot Henderson,Henderson,24.895454175544508,66,4200,POR@OKC,POR,OKC,O,Hamstring,,,,PG
"3642755302","125017-278536195","$4K Wed NBA Piggy Bank (150 Entries Max)","0.05","125017-145323","125017-84690","125017-157847","125017-157849","125017-188416","125017-203761","125017-157822","125017-203764","125017-203714","",125017-188451:Tristan Vukcevic,125017-188451,C,Tristan,Tristan Vukcevic,Vukcevic,12.484000244140624,25,4200,WAS@MIL,WAS,MIL,,,,,,C
"3642755306","125017-278536195","$4K Wed NBA Piggy Bank (150 Entries Max)","0.05","125017-110345","125017-84690","125017-19067","125017-145323","125017-157847","125017-110347","125017-203761","125017-157822","125017-145322","",125017-228167:Mohamed Diawara,125017-228167,SF,Mohamed,Mohamed Diawara,Diawara,4.883333206176758,24,4200,NY@SA,NY,SA,,,,,,SF
"3642755314","125017-278536195","$4K Wed NBA Piggy Bank (150 Entries Max)","0.05","125017-110345","125017-145323","125017-145348","125017-203723","125017-157822","125017-145328","125017-203761","125017-171761","125017-14503","",125017-158373:Jose Alvarado,125017-158373,PG,Jose,Jose Alvarado,Alvarado,18.484375,32,4200,NO@CHI,NO,CHI,O,Suspension,,,,PG
"3642755320","125017-278536195","$4K Wed NBA Piggy Bank (150 Entries Max)","0.05","125017-66108","125017-145323","125017-15846","125017-157849","125017-145539","125017-157847","125017-171761","125017-66048","125017-145322","",125017-23981:Alex Caruso,125017-23981,SF/SG,Alex,Alex Caruso,Caruso,18.221739395805027,23,4200,POR@OKC,OKC,POR,,,,,,SG/SF
"3642755325","125017-278536195","$4K Wed NBA Piggy Bank (150 Entries Max)","0.05","125017-84690","125017-145323","125017-15846","125017-157849","125017-157847","125017-84704","125017-188414","125017-203761","125017-14503","",125017-171744:Christian Braun,125017-171744,SG/SF,Christian,Christian Braun,Braun,23.10000055486506,11,4200,DEN@TOR,DEN,TOR,O,Ankle,,,,SG/SF
"3642755332","125017-278536195","$4K Wed NBA Piggy Bank (150 Entries Max)","0.05","125017-80810","125017-66108","125017-157847","125017-84704","125017-157822","125017-145328","125017-171761","125017-203761","125017-145322","",125017-188429:Kris Murray,125017-188429,SF,Kris,Kris Murray,Murray,16.036666870117188,30,4100,POR@OKC,POR,OKC,Q,Quadriceps,,,,SF
"3642755337","125017-278536195","$4K Wed NBA Piggy Bank (150 Entries Max)","0.05","125017-66108","125017-84690","125017-145323","125017-157847","125017-145328","125017-188416","125017-203761","125017-171761","125017-14503","",125017-171672:AJ Green,125017-171672,SG,AJ,AJ Green,Green,18.190000406901042,30,4100,WAS@MIL,MIL,WAS,,,,,,SG
"3642755342","125017-278536195","$4K Wed NBA Piggy Bank (150 Entries Max)","0.05","125017-110345","125017-228131","125017-66108","125017-157849","125017-145328","125017-157847","125017-157822","125017-171761","125017-145322","",125017-203732:DaRon Holmes,125017-203732,C,DaRon,DaRon Holmes,Holmes,3.5333334604899087,3,4100,DEN@TOR,DEN,TOR,,,,,,C
"3642755351","125017-278536195","$4K Wed NBA Piggy Bank (150 Entries Max)","0.05","125017-66108","125017-145323","125017-157849","125017-228118","125017-157847","125017-110347","125017-110310","125017-188414","125017-145322","",125017-171781:Ochai Agbaji,125017-171781,SG,Ochai,Ochai Agbaji,Agbaji,10.792307927058292,26,4000,DEN@TOR,TOR,DEN,,,,,,SG
"3642755356","125017-278536195","$4K Wed NBA Piggy Bank (150 Entries Max)","0.05","125017-145323","125017-203723","125017-66108","125017-228118","125017-157822","125017-84704","125017-58462","125017-203761","125017-145322","",125017-171785:Bryce McGowens,125017-171785,SG,Bryce,Bryce McGowens,McGowens,13.990475609188987,21,4000,NO@CHI,NO,CHI,,,,,,SG
"3642755360","125017-278536195","$4K Wed NBA Piggy Bank (150 Entries Max)","0.05","125017-228180","125017-203723","125017-110345","125017-145323","125017-157847","125017-16261","125017-157822","125017-110310","125017-14503","",125017-157829:Aaron Wiggins,125017-157829,SF/PF,Aaron,Aaron Wiggins,Wiggins,18.769999694824218,20,4000,POR@OKC,OKC,POR,,,,,,SF/PF
"3642755364","125017-278536195","$4K Wed NBA Piggy Bank (150 Entries Max)","0.05","125017-203723","125017-228180","125017-157849","125017-66108","125017-157847","125017-157822","125017-145328","125017-203764","125017-145322","",125017-145341:Isaac Okoro,125017-145341,SF,Isaac,Isaac Okoro,Okoro,15.862500508626303,24,4000,NO@CHI,CHI,NO,,,,,,SF
"3642755368","125017-278536195","$4K Wed NBA Piggy Bank (150 Entries Max)","0.05","125017-228180","125017-66108","125017-145323","125017-157847","125017-68090","125017-145328","125017-171760","125017-110310","125017-145322","",125017-203727:Ja'Kobe Walter,125017-203727,SG,Ja'Kobe,Ja'Kobe Walter,Walter,12.816128638482862,31,3900,DEN@TOR,TOR,DEN,,,,,,SG
"3642755380","125017-278536195","$4K Wed NBA Piggy Bank (150 Entries Max)","0.05","125017-66108","125017-110345","125017-203798","125017-145323","125017-68090","125017-84670","125017-157822","125017-203761","125017-145322","",125017-203729:Yves Missi,125017-203729,C,Yves,Yves Missi,Missi,16.353846623347355,26,3900,NO@CHI,NO,CHI,,,,,,C
"3642755384","125017-278536195","$4K Wed NBA Piggy Bank (150 Entries Max)","0.05","125017-66108","125017-80810","125017-157849","125017-23981","125017-203761","125017-157847","125017-171759","125017-110310","125017-14503","",125017-84695:Gary Trent,125017-84695,SG/SF,Gary,Gary Trent,Trent,15.625806254725303,31,3900,WAS@MIL,MIL,WAS,,,,,,SG/SF
"3642755387","125017-278536195","$4K Wed NBA Piggy Bank (150 Entries Max)","0.05","125017-110345","125017-145323","125017-157847","125017-110322","125017-84704","125017-145328","125017-58462","125017-110310","125017-145322","",125017-171758:Jaylin Williams,125017-171758,C/PF,Jaylin,Jaylin Williams,Williams,17.284000244140625,25,3900,POR@OKC,OKC,POR,O,Heel,,,,PF/C
"3642755388","125017-278536195","$4K Wed NBA Piggy Bank (150 Entries Max)","0.05","125017-84690","125017-110322","125017-157849","125017-171804","125017-145328","125017-84704","125017-110310","125017-157822","125017-14503","",125017-188446:Sidy Cissoko,125017-188446,SF/SG,Sidy,Sidy Cissoko,Cissoko,11.557143075125557,28,3800,POR@OKC,POR,OKC,,,,,,SG/SF
"3642755390","125017-278536195","$4K Wed NBA Piggy Bank (150 Entries Max)","0.05","125017-188415","125017-66108","125017-157847","125017-84704","125017-145328","125017-203761","125017-110310","125017-145539","125017-145322","",125017-188458:Jalen Pickett,125017-188458,PG,Jalen,Jalen Pickett,Pickett,8.135294297162224,17,3800,DEN@TOR,DEN,TOR,,,,,,PG
"3642755394","125017-278536195","$4K Wed NBA Piggy Bank (150 Entries Max)","0.05","125017-66108","125017-145323","125017-157849","125017-110322","125017-145341","125017-145328","125017-110310","125017-188414","125017-14503","",125017-157825:Jericho Sims,125017-157825,C,Jericho,Jericho Sims,Sims,9.214814927842882,27,3800,WAS@MIL,MIL,WAS,,,,,,C
"3642755398","125017-278536195","$4K Wed NBA Piggy Bank (150 Entries Max)","0.05","125017-171772","125017-110322","125017-145323","125017-157849","125017-66048","125017-68090","125017-110310","125017-58462","125017-14503","",125017-145308:Patrick Williams,125017-145308,PF/SF,Patrick,Patrick Williams,Williams,14.120000203450521,30,3800,NO@CHI,CHI,NO,,,,,,SF/PF
"3642755401","125017-278536195","$4K Wed NBA Piggy Bank (150 Entries Max)","0.05","125017-110322","125017-145323","125017-84694","125017-110345","125017-84704","125017-157822","125017-110310","125017-145539","125017-145322","",125017-145327:Cole Anthony,125017-145327,PG/SG,Cole,Cole Anthony,Anthony,15.974073621961805,27,3800,WAS@MIL,MIL,WAS,,,,,,PG/SG
"3642755403","125017-278536195","$4K Wed NBA Piggy Bank (150 Entries Max)","0.05","125017-145323","125017-110322","125017-203723","125017-171804","125017-157822","125017-203761","125017-228132","125017-110310","125017-14503","",125017-145330:Isaiah Joe,125017-145330,SF/SG,Isaiah,Isaiah Joe,Joe,17.604166666666668,24,3800,POR@OKC,OKC,POR,,,,,,SG/SF
"3642755409","125017-278536195","$4K Wed NBA Piggy Bank (150 Entries Max)","0.05","125017-203808","125017-66108","125017-145323","125017-157849","125017-157847","125017-157822","125017-203761","125017-66048","125017-145322","",125017-58576:Kevon Looney,125017-58576,C,Kevon,Kevon Looney,Looney,12.169230534480167,13,3800,NO@CHI,NO,CHI,,,,,,C
"3642755411","125017-278536195","$4K Wed NBA Piggy Bank (150 Entries Max)","0.05","125017-145323","125017-203723","125017-66108","125017-84670","125017-15846","125017-203761","125017-58462","125017-203764","125017-145322","",125017-188423:Julian Strawther,125017-188423,SF,Julian,Julian Strawther,Strawther,6.15625,16,3700,DEN@TOR,DEN,TOR,,,,,,SF
"3642755412","125017-278536195","$4K Wed NBA Piggy Bank (150 Entries Max)","0.05","125017-84690","125017-145323","125017-228180","125017-157849","125017-68090","125017-157847","125017-145539","125017-171759","125017-145322","",125017-188434:Gradey Dick,125017-188434,SG,Gradey,Gradey Dick,Dick,11.635294297162224,34,3700,DEN@TOR,TOR,DEN,,,,,,SG
"3642755414","125017-278536195","$4K Wed NBA Piggy Bank (150 Entries Max)","0.05","125017-110345","125017-203723","125017-157849","125017-145323","125017-157847","125017-188447","125017-68090","125017-110310","125017-203714","",125017-171793:Karlo Matkovic,125017-171793,C,Karlo,Karlo Matkovic,Matkovic,11.472726995294744,22,3700,NO@CHI,NO,CHI,,,,,,C
"3642755415","125017-278536195","$4K Wed NBA Piggy Bank (150 Entries Max)","0.05","125017-171772","125017-145323","125017-19067","125017-66108","125017-84670","125017-145328","125017-203764","125017-110310","125017-145322","",125017-228117:Will Riley,125017-228117,SF,Will,Will Riley,Riley,9.407999877929688,25,3700,WAS@MIL,WAS,MIL,,,,,,SF
"3642755418","125017-278536195","$4K Wed NBA Piggy Bank (150 Entries Max)","0.05","125017-66108","125017-80810","125017-145348","125017-145323","125017-15846","125017-157822","125017-203761","125017-171761","125017-14503","",125017-85305:Kenrich Williams,125017-85305,PF,Kenrich,Kenrich Williams,Williams,12.876922607421875,13,3700,POR@OKC,OKC,POR,,,,,,PF
"3642755424","125017-278536195","$4K Wed NBA Piggy Bank (150 Entries Max)","0.05","125017-66108","125017-228118","125017-110345","125017-145323","125017-84704","125017-171760","125017-157822","125017-145328","125017-145322","",125017-145305:Zeke Nnaji,125017-145305,PF,Zeke,Zeke Nnaji,Nnaji,4.895000076293945,20,3700,DEN@TOR,DEN,TOR,,,,,,PF
"3642755429","125017-278536195","$4K Wed NBA Piggy Bank (150 Entries Max)","0.05","125017-66108","125017-171772","125017-228131","125017-157849","125017-157847","125017-145328","125017-203761","125017-58462","125017-14503","",125017-70823:Guerschon Yabusele,125017-70823,PF,Guerschon,Guerschon Yabusele,Yabusele,6.744444670500578,27,3700,NY@SA,NY,SA,,,,,,PF
"3642755432","125017-278536195","$4K Wed NBA Piggy Bank (150 Entries Max)","0.05","125017-145323","125017-110345","125017-157847","125017-157849","125017-84670","125017-145328","125017-110310","125017-171761","125017-14514","",125017-24544:Gary Harris,125017-24544,SG,Gary,Gary Harris,Harris,7.875,24,3700,WAS@MIL,MIL,WAS,,,,,,SG
"3642755435","125017-278536195","$4K Wed NBA Piggy Bank (150 Entries Max)","0.05","125017-84680","125017-110345","125017-145323","125017-157849","125017-84670","125017-158855","125017-203761","125017-110310","125017-145322","",125017-171749:Jeremy Sochan,125017-171749,PF,Jeremy,Jeremy Sochan,Sochan,11.714285714285714,21,3700,NY@SA,SA,NY,,,,,,PF
"3642755438","125017-278536195","$4K Wed NBA Piggy Bank (150 Entries Max)","0.05","125017-145323","125017-228180","125017-171772","125017-66108","125017-172098","125017-157847","125017-171759","125017-145539","125017-14503","",125017-171763:Dalen Terry,125017-171763,SF,Dalen,Dalen Terry,Terry,9.194117826573988,17,3700,NO@CHI,CHI,NO,,,,,,SF
"3642755445","125017-278536195","$4K Wed NBA Piggy Bank (150 Entries Max)","0.05","125017-171772","125017-145323","125017-157847","125017-84704","125017-203761","125017-157822","125017-228132","125017-110310","125017-203714","",125017-188421:Jordan Hawkins,125017-188421,SG,Jordan,Jordan Hawkins,Hawkins,8.355999755859376,25,3600,NO@CHI,NO,CHI,,,,,,SG
"3642755448","125017-278536195","$4K Wed NBA Piggy Bank (150 Entries Max)","0.05","125017-145323","125017-80810","125017-171772","125017-157849","125017-145539","125017-145328","125017-203761","125017-171759","125017-14503","",125017-203787:Ariel Hukporti,125017-203787,C,Ariel,Ariel Hukporti,Hukporti,6.295000076293945,20,3600,NY@SA,NY,SA,,,,,,C
"3642755452","125017-278536195","$4K Wed NBA Piggy Bank (150 Entries Max)","0.05","125017-66108","125017-145323","125017-171772","125017-84704","125017-157822","125017-172098","125017-110310","125017-228132","125017-14503","",125017-228106:Yang Hansen,125017-228106,C,Yang,Yang Hansen,Hansen,6.318749904632568,16,3600,POR@OKC,POR,OKC,,,,,,C
"3642755454","125017-278536195","$4K Wed NBA Piggy Bank (150 Entries Max)","0.05","125017-66108","125017-145323","125017-84694","125017-110322","125017-66048","125017-157847","125017-110310","125017-145328","125017-14503","",125017-22541:Kelly Olynyk,125017-22541,C/PF,Kelly,Kelly Olynyk,Olynyk,9.333333333333334,18,3600,NY@SA,SA,NY,,,,,,PF/C
"3642755457","125017-278536195","$4K Wed NBA Piggy Bank (150 Entries Max)","0.05","125017-171804","125017-203723","125017-145323","125017-157847","125017-203761","125017-157822","125017-171759","125017-145328","125017-145322","",125017-171795:Ousmane Dieng,125017-171795,PF,Ousmane,Ousmane Dieng,Dieng,8.5,17,3600,POR@OKC,OKC,POR,O,Calf,,,,PF
"3642755459","125017-278536195","$4K Wed NBA Piggy Bank (150 Entries Max)","0.05","125017-145323","125017-84690","125017-171804","125017-157849","125017-171760","125017-16261","125017-157822","125017-110310","125017-145322","",125017-160022:A.J. Lawson,125017-160022,SG,A.J.,A.J. Lawson,Lawson,10.066666920979818,3,3600,DEN@TOR,TOR,DEN,,,,,,SG
"3642755462","125017-278536195","$4K Wed NBA Piggy Bank (150 Entries Max)","0.05","125017-203723","125017-145323","125017-66108","125017-110345","125017-145328","125017-145308","125017-110310","125017-203761","125017-203714","",125017-203800:Branden Carlson,125017-203800,C,Branden,Branden Carlson,Carlson,9.704347693401834,23,3600,POR@OKC,OKC,POR,,,,,,C
"3642755464","125017-278536195","$4K Wed NBA Piggy Bank (150 Entries Max)","0.05","125017-203723","125017-110322","125017-110345","125017-145323","125017-157847","125017-203761","125017-68090","125017-110310","125017-145322","",125017-228125:Carter Bryant,125017-228125,SF,Carter,Carter Bryant,Bryant,4.958333333333333,24,3600,NY@SA,SA,NY,,,,,,SF
"3642755466","125017-278536195","$4K Wed NBA Piggy Bank (150 Entries Max)","0.05","125017-110345","125017-145323","125017-157849","125017-110322","125017-203761","125017-66048","125017-171759","125017-157822","125017-203714","",125017-188456:Rayan Rupert,125017-188456,SG,Rayan,Rayan Rupert,Rupert,5.269230769230769,26,3600,POR@OKC,POR,OKC,,,,,,SG
"3642755468","125017-278536195","$4K Wed NBA Piggy Bank (150 Entries Max)","0.05","125017-110345","125017-145323","125017-157849","125017-145348","125017-188447","125017-84704","125017-110310","125017-145539","125017-14503","",125017-228163:Jamir Watkins,125017-228163,SG,Jamir,Jamir Watkins,Watkins,7.628571646554129,14,3600,WAS@MIL,WAS,MIL,,,,,,SG
"3642755471","125017-278536195","$4K Wed NBA Piggy Bank (150 Entries Max)","0.05","125017-145348","125017-66108","125017-157849","125017-157847","125017-145328","125017-84704","125017-171761","125017-157822","125017-14503","",125017-228169:Micah Peavy,125017-228169,SG,Micah,Micah Peavy,Peavy,9.803571428571429,28,3600,NO@CHI,NO,CHI,,,,,,SG
"3642755475","125017-278536195","$4K Wed NBA Piggy Bank (150 Entries Max)","0.05","125017-80810","125017-145323","125017-16261","125017-66108","125017-110347","125017-157847","125017-110310","125017-58462","125017-145322","",125017-213367:Jamison Battle,125017-213367,SF,Jamison,Jamison Battle,Battle,6.004166920979817,24,3600,DEN@TOR,TOR,DEN,,,,,,SF
"3642755478","125017-278536195","$4K Wed NBA Piggy Bank (150 Entries Max)","0.05","125017-145323","125017-84690","125017-84704","125017-66108","125017-171760","125017-84694","125017-145328","125017-110310","125017-145322","",125017-157819:Corey Kispert,125017-157819,SF,Corey,Corey Kispert,Kispert,15.700000339084202,18,3600,WAS@MIL,WAS,MIL,O,Hamstring,,,,SF
"3642755482","125017-278536195","$4K Wed NBA Piggy Bank (150 Entries Max)","0.05","125017-228131","125017-145323","125017-157849","125017-84704","125017-157847","125017-145539","125017-58462","125017-110310","125017-145322","",125017-194767:Duop Reath,125017-194767,C,Duop,Duop Reath,Reath,5.16,25,3600,POR@OKC,POR,OKC,,,,,,C
"3642755486","125017-278536195","$4K Wed NBA Piggy Bank (150 Entries Max)","0.05","125017-228118","125017-66108","125017-171772","125017-145323","125017-145539","125017-145328","125017-110310","125017-171761","125017-145322","",125017-171748:Malaki Branham,125017-171748,SG,Malaki,Malaki Branham,Branham,6.799999910242417,17,3600,WAS@MIL,WAS,MIL,,,,,,SG
"3642755491","125017-278536195","$4K Wed NBA Piggy Bank (150 Entries Max)","0.05","125017-66108","125017-145323","125017-203723","125017-157847","125017-203761","125017-23981","125017-203764","125017-58462","125017-145322","",125017-180484:Stanley Umude,125017-180484,SG,Stanley,Stanley Umude,Umude,2.972727342085405,22,3500,NY@SA,SA,NY,,,,,,SG
"3642755496","125017-278536195","$4K Wed NBA Piggy Bank (150 Entries Max)","0.05","125017-145323","125017-110345","125017-84704","125017-157849","125017-145539","125017-157847","125017-228132","125017-171759","125017-145322","",125017-111372:Thanasis Antetokounmpo,125017-111372,SF,Thanasis,Thanasis Antetokounmpo,Antetokounmpo,3.727272727272727,11,3500,WAS@MIL,MIL,WAS,,,,,,SF
"3642755499","125017-278536195","$4K Wed NBA Piggy Bank (150 Entries Max)","0.05","125017-145348","125017-171772","125017-157849","125017-145323","125017-203761","125017-145328","125017-110310","125017-40199","125017-14503","",125017-194829:Pete Nance,125017-194829,PF,Pete,Pete Nance,Nance,2.8777777353922525,9,3500,WAS@MIL,MIL,WAS,,,,,,PF
"3642755502","125017-278536195","$4K Wed NBA Piggy Bank (150 Entries Max)","0.05","125017-84690","125017-228180","125017-171804","125017-157847","125017-84704","125017-157822","125017-203761","125017-110310","125017-145322","",125017-203788:Kevin McCullar,125017-203788,SF,Kevin,Kevin McCullar,McCullar,7.05999984741211,5,3500,NY@SA,NY,SA,,,,,,SF
"3642755505","125017-278536195","$4K Wed NBA Piggy Bank (150 Entries Max)","0.05","125017-171804","125017-84680","125017-145323","125017-157847","125017-188416","125017-203761","125017-110310","125017-171761","125017-145322","",125017-194322:Javonte Cooke,125017-194322,SG,Javonte,Javonte Cooke,Cooke,3.4200000762939453,5,3500,POR@OKC,POR,OKC,,,,,,SG
"3642755515","125017-278536195","$4K Wed NBA Piggy Bank (150 Entries Max)","0.05","125017-188415","125017-66108","125017-145323","125017-157847","125017-68090","125017-203761","125017-110310","125017-145328","125017-14514","",125017-203793:Harrison Ingram,125017-203793,SF,Harrison,Harrison Ingram,Ingram,2.866666793823242,3,3500,NY@SA,SA,NY,,,,,,SF
"3642755519","125017-278536195","$4K Wed NBA Piggy Bank (150 Entries Max)","0.05","125017-66108","125017-80810","125017-145323","125017-157847","125017-23981","125017-145328","125017-171759","125017-110310","125017-145322","",125017-228112:Thomas Sorber,125017-228112,PF,Thomas,Thomas Sorber,Sorber,,0,3500,POR@OKC,OKC,POR,O,Knee,,,,PF
"3642755521","125017-278536195","$4K Wed NBA Piggy Bank (150 Entries Max)","0.05","125017-110322","125017-19067","125017-66108","125017-145323","125017-16261","125017-157847","125017-157822","125017-58462","125017-145322","",125017-23572:Taurean Prince,125017-23572,SF,Taurean,Taurean Prince,Prince,11.949999809265137,8,3500,WAS@MIL,MIL,WAS,O,Neck,,,,SF
"3642755525","125017-278536195","$4K Wed NBA Piggy Bank (150 Entries Max)","0.05","125017-228180","125017-110345","125017-157847","125017-157849","125017-145328","125017-157822","125017-145539","125017-171761","125017-145322","",125017-203799:Jonathan Mogbo,125017-203799,C,Jonathan,Jonathan Mogbo,Mogbo,4.153846153846154,13,3500,DEN@TOR,TOR,DEN,,,,,,C
"3642755529","125017-278536195","$4K Wed NBA Piggy Bank (150 Entries Max)","0.05","125017-80810","125017-84690","125017-157849","125017-145323","125017-157847","125017-84704","125017-110310","125017-228132","125017-145322","",125017-55062:Nikola Jokic,125017-55062,C,Nikola,Nikola Jokic,Jokic,63.696876525878906,32,3500,DEN@TOR,DEN,TOR,O,Knee,,,,C
"3642755531","125017-278536195","$4K Wed NBA Piggy Bank (150 Entries Max)","0.05","125017-110322","125017-145323","125017-203723","125017-110345","125017-188447","125017-203761","125017-58462","125017-157822","125017-145322","",125017-228123:Noa Essengue,125017-228123,PF,Noa,Noa Essengue,Essengue,1.5,2,3500,NO@CHI,CHI,NO,O,Shoulder,,,,PF
"3642755535","125017-278536195","$4K Wed NBA Piggy Bank (150 Entries Max)","0.05","125017-84690","125017-110322","125017-157849","125017-228118","125017-145539","125017-157847","125017-171761","125017-110310","125017-14503","",125017-188459:Hunter Tyson,125017-188459,SF,Hunter,Hunter Tyson,Tyson,3.2916666666666665,12,3500,DEN@TOR,DEN,TOR,,,,,,SF
"3642755538","125017-278536195","$4K Wed NBA Piggy Bank (150 Entries Max)","0.05","125017-145323","125017-203723","125017-157849","125017-84670","125017-203761","125017-157847","125017-228132","125017-157822","125017-14503","",125017-188463:Julian Phillips,125017-188463,SF,Julian,Julian Phillips,Phillips,6.813043345575747,23,3500,NO@CHI,CHI,NO,,,,,,SF
"3642755541","125017-278536195","$4K Wed NBA Piggy Bank (150 Entries Max)","0.05","125017-110345","125017-145323","125017-203723","125017-84670","125017-203761","125017-157847","125017-203764","125017-68090","125017-145322","",125017-188464:Andre Jackson,125017-188464,SG,Andre,Andre Jackson,Jackson,5.126666768391927,15,3500,WAS@MIL,MIL,WAS,,,,,,SG
"3642755543","125017-278536195","$4K Wed NBA Piggy Bank (150 Entries Max)","0.05","125017-110322","125017-145323","125017-157849","125017-110357","125017-157847","125017-145328","125017-110310","125017-188414","125017-14503","",125017-228150:Mark Sears,125017-228150,PG,Mark,Mark Sears,Sears,3.3428570883614674,7,3500,WAS@MIL,MIL,WAS,,,,,,PG
"3642639239","125017-278536758","$2K Wed NBA Big $2 Double Up (Top 500 Win)","2","125017-145323","125017-66108","125017-157849","125017-157847","125017-145328","125017-157822","125017-110310","125017-171761","125017-14503","",125017-228155:Alijah Martin,125017-228155,SG,Alijah,Alijah Martin,Martin,1.5,2,3500,DEN@TOR,TOR,DEN,,,,,,SG
"3642639240","125017-278536758","$2K Wed NBA Big $2 Double Up (Top 500 Win)","2","125017-145323","125017-66108","125017-157849","125017-157847","125017-145328","125017-157822","125017-110310","125017-171761","125017-14503","",125017-228156:Brooks Barnhizer,125017-228156,SF,Brooks,Brooks Barnhizer,Barnhizer,4.884999847412109,20,3500,POR@OKC,OKC,POR,Q,Ankle,,,,SF
"3642639551","125017-278536764","$600 Wed NBA Big $2 Quintuple Up (Top 60 Win)","2","125017-145323","125017-66108","125017-157849","125017-157847","125017-145328","125017-157822","125017-110310","125017-171761","125017-14503","",125017-11074:Garrett Temple,125017-11074,SG,Garrett,Garrett Temple,Temple,2.4777776930067272,9,3500,DEN@TOR,TOR,DEN,,,,,,SG
"3642639553","125017-278536764","$600 Wed NBA Big $2 Quintuple Up (Top 60 Win)","2","125017-145323","125017-66108","125017-157849","125017-157847","125017-145328","125017-157822","125017-110310","125017-171761","125017-14503","",125017-228679:Tamar Bates,125017-228679,SG,Tamar,Tamar Bates,Bates,,0,3500,DEN@TOR,DEN,TOR,O,Foot,,,,SG
"3642757146","125017-278540996","Satellite to NFL Sunday Special on 1/4 (20 Tickets)","2","125017-145323","125017-66108","125017-157849","125017-157847","125017-145328","125017-157822","125017-110310","125017-171761","125017-14503","",125017-228178:Hunter Dickinson,125017-228178,C,Hunter,Hunter Dickinson,Dickinson,3,1,3500,NO@CHI,NO,CHI,,,,,,C
"3642756487","125017-278540998","Satellite to NFL Sunday Special on 1/4 (20 Tickets)","2","125017-145323","125017-66108","125017-157849","125017-157847","125017-145328","125017-157822","125017-110310","125017-171761","125017-14503","",125017-228183:Lachlan Olbrich,125017-228183,C,Lachlan,Lachlan Olbrich,Olbrich,3.540000152587891,5,3500,NO@CHI,CHI,NO,,,,,,C
"3642757496","125017-278541012","Satellite to NBA Hang Time on 1/7","2","125017-145323","125017-66108","125017-157849","125017-157847","125017-145328","125017-157822","125017-110310","125017-171761","125017-14503","",125017-204374:David Jones Garcia,125017-204374,SF,David,David Jones Garcia,Jones Garcia,8.94000015258789,10,3500,NY@SA,SA,NY,,,,,,SF
"","","","","","","","","","","","","","",125017-228181:Chucky Hepburn,125017-228181,PG,Chucky,Chucky Hepburn,Hepburn,3.0999999046325684,2,3500,DEN@TOR,TOR,DEN,Q,Knee,,,,PG
"","","","","","","","","","","","","","",125017-9561:DeAndre Jordan,125017-9561,C,DeAndre,DeAndre Jordan,Jordan,10,2,3500,NO@CHI,NO,CHI,,,,,,C
"","","","","","","","","","","","","","",125017-85597:Jordan McLaughlin,125017-85597,PG,Jordan,Jordan McLaughlin,McLaughlin,6.071428571428571,14,3500,NY@SA,SA,NY,,,,,,PG
"","","","","","","","","","","","","","",125017-195937:Trey Jemison,125017-195937,C,Trey,Trey Jemison,Jemison,3.8599998474121096,5,3500,NY@SA,NY,SA,,,,,,C
"","","","","","","","","","","","","","",125017-20848:Damian Lillard,125017-20848,PG,Damian,Damian Lillard,Lillard,41.42622950819672,61,3500,POR@OKC,POR,OKC,O,Achilles,,,,PG
"","","","","","","","","","","","","","",125017-67708:Dejounte Murray,125017-67708,PG/SG,Dejounte,Dejounte Murray,Murray,40.096774193548384,31,3500,NO@CHI,NO,CHI,O,Achilles,,,,PG/SG
"","","","","","","","","","","","","","",125017-111492:Amir Coffey,125017-111492,SF,Amir,Amir Coffey,Coffey,2.918181679465554,22,3500,WAS@MIL,MIL,WAS,,,,,,SF
"","","","","","","","","","","","","","",125017-233093:Chris Youngblood,125017-233093,SG,Chris,Chris Youngblood,Youngblood,3.121739263119905,23,3500,POR@OKC,OKC,POR,,,,,,SG
"","","","","","","","","","","","","","",125017-157832:Sharife Cooper,125017-157832,PG,Sharife,Sharife Cooper,Cooper,-0.25,4,3500,WAS@MIL,WAS,MIL,,,,,,PG
"","","","","","","","","","","","","","",125017-145548:Anthony Gill,125017-145548,PF,Anthony,Anthony Gill,Gill,2.0615384028508115,13,3500,WAS@MIL,WAS,MIL,,,,,,PF
"","","","","","","","","","","","","","",125017-204448:Trey Alexander,125017-204448,SG,Trey,Trey Alexander,Alexander,9.933333079020182,3,3500,NO@CHI,NO,CHI,,,,,,SG
"","","","","","","","","","","","","","",125017-14505:Bismack Biyombo,125017-14505,C,Bismack,Bismack Biyombo,Biyombo,3.089999961853027,10,3500,NY@SA,SA,NY,,,,,,C
"","","","","","","","","","","","","","",125017-233146:Alex Antetokounmpo,125017-233146,SF,Alex,Alex Antetokounmpo,Antetokounmpo,,0,3500,WAS@MIL,MIL,WAS,,,,,,SF
"","","","","","","","","","","","","","",125017-213181:Trentyn Flowers,125017-213181,SF,Trentyn,Trentyn Flowers,Flowers,2.8499999046325684,2,3500,NO@CHI,CHI,NO,O,Knee,,,,SF
"","","","","","","","","","","","","","",125017-84675:Mo Bamba,125017-84675,C,Mo,Mo Bamba,Bamba,3,1,3500,DEN@TOR,TOR,DEN,,,,,,C
"","","","","","","","","","","","","","",125017-213191:Emanuel Miller,125017-213191,SF,Emanuel,Emanuel Miller,Miller,6.1200000762939455,5,3500,NO@CHI,CHI,NO,O,Hamstring,,,,SF
"","","","","","","","","","","","","","",125017-84696:Jevon Carter,125017-84696,PG,Jevon,Jevon Carter,Carter,11.366666666666667,15,3500,NO@CHI,CHI,NO,,,,,,PG
"","","","","","","","","","","","","","",125017-165854:Lindy Waters,125017-165854,SG,Lindy,Lindy Waters,Waters,4.264705882352941,17,3500,NY@SA,SA,NY,,,,,,SG
"","","","","","","","","","","","","","",125017-171750:Blake Wesley,125017-171750,PG,Blake,Blake Wesley,Wesley,17.883333841959637,6,3500,POR@OKC,POR,OKC,O,Foot,,,,PG
"","","","","","","","","","","","","","",125017-229095:Curtis Jones,125017-229095,SG,Curtis,Curtis Jones,Jones,2.0250000953674316,4,3500,DEN@TOR,DEN,TOR,,,,,,SG
"","","","","","","","","","","","","","",125017-195819:Tosan Evbuomwan,125017-195819,SF,Tosan,Tosan Evbuomwan,Evbuomwan,0.48000001907348633,5,3500,NY@SA,NY,SA,,,,,,SF
"","","","","","","","","","","","","","",125017-203763:Nikola Topic,125017-203763,PG,Nikola,Nikola Topic,Topic,,0,3500,POR@OKC,OKC,POR,O,Groin,,,,PG
"","","","","","","","","","","","","","",125017-110320:Matisse Thybulle,125017-110320,SF,Matisse,Matisse Thybulle,Thybulle,14.574999809265137,4,3500,POR@OKC,POR,OKC,O,Thumb,,,,SF
"","","","","","","","","","","","","","",125017-203760:Pacome Dadiet,125017-203760,SF,Pacome,Pacome Dadiet,Dadiet,1.9454545107754795,11,3500,NY@SA,NY,SA,,,,,,SF
"","","","","","","","","","","","","","",125017-188406:Cam Whitmore,125017-188406,SF,Cam,Cam Whitmore,Whitmore,16.004762195405505,21,3500,WAS@MIL,WAS,MIL,O,Shoulder,,,,SF
"","","","","","","","","","","","","","",125017-84724:Landry Shamet,125017-84724,SG,Landry,Landry Shamet,Shamet,14.8,15,3500,NY@SA,NY,SA,O,Shoulder,,,,SG
"","","","","","","","","","","","","","",125017-203765:AJ Johnson,125017-203765,SG,AJ,AJ Johnson,Johnson,1.4214285441807337,14,3500,WAS@MIL,WAS,MIL,,,,,,SG